iso,securedvaccineofpopulation,tagonedose,doses_per_adult,vac_cov,number_vaccines_types_used,mean_twodose_weighted,mean_twodose_remain_weighted,stringencyindex,uhc,doses_destroyed,casescumulativetotalper100000pop,casesnewlyreportedinlast7daysper,deathscumulativetotalper100000po,total_vaccinations_per100,persons_vaccinated_1plus_dose_pe,persons_fully_vaccinated_per100,max_booster,vaccines_used,first_vaccine_date,h7_vac_policy,case_by_sex
,,,,,,,,,,,,,,,,,,,,,
ABW,,1,0.3746511,2,2,1.1249858,-2.5622401,41.669998,,,15175.243,111.459,162.037,150.405,77.919998,72.485001,,"Janssen - Ad26.COV 2-S,Pfizer BioNTech - Comirnaty",44244,5 - Universal availability,No
AFG,35.773754119873,0,0.11872327,1,4,0.043838222,2.4640799,27.780001,37,,403.20499,0.90200001,18.76,10.322,9.0679998,8.191,,"Beijing CNBG - BBIBP-CorV,Janssen - Ad26.COV 2-S,Pfizer BioNTech - Comirnaty,SII - Covishield",44249,1 - Availability for ONE of following: key workers/ clinically vulnerable groups (non elderly) / elderly groups,Yes
AGO,59.9424858093261,0,0.063117296,2,1,0.1017011,2.5311944,55.09,40,0,197.87199,0.36500001,5.2639999,26.77,18.698,8.0719995,,SII - Covishield,44265,5 - Universal availability,No
AIA,,1,1.0331956,3,2,1.2425029,-1.6172333,,,3000,8452.2061,873.21698,19.997,127.09,66.030998,61.058998,,"AstraZeneca - Vaxzevria,Pfizer BioNTech - Comirnaty",44232,,No
ALA,,,,,,,,,,,,,,,,,,,,,
ALB,39.4370346069335,1,0.82959205,2,5,1.0431148,0.5290367,45.369999,59,,6831.9902,116.13,105.949,68.599998,36.952999,32.445,47512,"AstraZeneca - Vaxzevria,Gamaleya - Gam-Covid-Vac,Pfizer BioNTech - Comirnaty,SII - Covishield,Sinovac - CoronaVac",44209,5 - Universal availability,Yes
AND,71.1003952026367,1,1.4172006,1,3,2.1894703,-1.7899705,51.849998,,,21094.934,507.345,168.252,135.3,72.198997,65.026001,,"AstraZeneca - Vaxzevria,Moderna - Spikevax,Pfizer BioNTech - Comirnaty",44216,5 - Universal availability,No
ARE,98.1027679443359,1,0.34365648,4,5,3.1968222,-3.7645493,46.299999,76,,7497.167,4.9949999,21.677999,219.459,,,2914743,"AstraZeneca - Vaxzevria,Beijing CNBG - BBIBP-CorV,Gamaleya - Gam-Covid-Vac,Pfizer BioNTech - Comirnaty,SII - Covishield",44179,5 - Universal availability,No
ARG,154.820404052734,1,0.84232205,3,7,2.9508398,-1.698629,42.59,76,400,11760.719,21.254,257.495,144.24699,79.958,62.373001,1420213,"AstraZeneca - Vaxzevria,Beijing CNBG - BBIBP-CorV,CanSino - Convidecia,Gamaleya - Gam-Covid-Vac,Moderna - Spikevax,Pfizer BioNTech - Comirnaty,SII - Covishield",44194,4 - Availability for all three plus partial additional availability (select broad groups/ages),Yes
ARM,48.042064666748,0,0.24841103,4,5,0.30717775,2.0898569,,69,,11301.099,167.55299,248.242,31.200001,21.768,9.3979998,,"AstraZeneca - Vaxzevria,Beijing CNBG - BBIBP-CorV,Gamaleya - Gam-Covid-Vac,Moderna - Spikevax,Sinovac - CoronaVac",44363,,Partial
ASM,,,1.310035,3,3,,,,,,9.0579996,0,0,120.55,63.792999,56.34,,"Janssen - Ad26.COV 2-S,Moderna - Spikevax,Pfizer BioNTech - Comirnaty",44186,,
ATA,,,,,,,,,,0,,,,,,,,,,,
ATF,,,,,,,,,,,,,,,,,,,,,
ATG,138.638488769531,1,1.2641941,2,6,1.1538194,-1.1895683,,73,,4222.4468,17.360001,110.284,117.929,62.075001,55.855,,"AstraZeneca - Vaxzevria,Beijing CNBG - BBIBP-CorV,Gamaleya - Gam-Covid-Vac,Janssen - Ad26.COV 2-S,Pfizer BioNTech - Comirnaty,SII - Covishield",44246,,No
AUS,495.019927978515,1,5.6784582,3,3,2.8500021,-2.4332013,72.690002,87,0,782.94897,35.561001,7.6389999,147.627,76.635002,69.942001,361690,"AstraZeneca - Vaxzevria,Novavax - Covavax,Pfizer BioNTech - Comirnaty",44248,5 - Universal availability,Yes
AUT,318.588714599609,1,7.3503284,3,4,1.9667139,-1.8421967,59.259998,79,,11996.937,1110.687,130.827,128.8,68.754997,63.846001,1372500,"AstraZeneca - Vaxzevria,Janssen - Ad26.COV 2-S,Moderna - Spikevax,Pfizer BioNTech - Comirnaty",44195,5 - Universal availability,Yes
AZE,56.1087951660156,1,0.45388308,2,4,1.8997515,-0.34100056,51.849998,65,0,5669.0898,126.973,75.518997,91.599998,49.452,42.147999,740961,"AstraZeneca - Vaxzevria,Gamaleya - Gam-Covid-Vac,Pfizer BioNTech - Comirnaty,Sinovac - CoronaVac",44216,5 - Universal availability,Partial
BDI,32.0399131774902,0,,,1,0,3.1457477,8.3299999,42,,171.149,0.57999998,0.118,0.011,0.0070000002,0.003,,Beijing CNBG - BBIBP-CorV,44487,0 - No availability,Partial
BEL,318.588714599609,1,2.692065,3,4,2.7915826,-2.6201837,45.830002,84,2420675,14090.418,749.815,231.453,147.3,76.056999,74.806,1090889,"AstraZeneca - Vaxzevria,Janssen - Ad26.COV 2-S,Moderna - Spikevax,Pfizer BioNTech - Comirnaty",44195,5 - Universal availability,Yes
BEN,33.4270248413085,0,0.024943912,2,5,0.0095316265,2.9251282,50,40,0,204.946,0.15700001,1.3279999,3.1630001,2.8,2.4560001,,"AstraZeneca - Vaxzevria,Janssen - Ad26.COV 2-S,Pfizer BioNTech - Comirnaty,SII - Covishield,Sinovac - CoronaVac",44284,5 - Universal availability,No
BES,,1,,4,2,5.698998,-1.3471267,,,,,,,28.441,22.034,11.41,,"Moderna - Spikevax,Pfizer BioNTech - Comirnaty",44249,,No
BFA,30,0,0.012734844,2,3,0.055868339,2.8757575,13.89,40,0,74.218002,1.115,1.268,2.0150001,1.813,1.478,,"Beijing CNBG - BBIBP-CorV,Janssen - Ad26.COV 2-S,SII - Covishield",44349,3 - Availability for ALL of following: key workers/ clinically vulnerable groups (non elderly) / elderly groups,Yes
BGD,99.3917617797851,0,0.2422857,3,8,0.5518496,1.4719205,23.15,48,0,956.125,1.025,16.976,52.367001,31.882999,20.483999,,"AstraZeneca - Vaxzevria,Beijing CNBG - BBIBP-CorV,Gamaleya - Gam-Covid-Vac,Janssen - Ad26.COV 2-S,Moderna - Spikevax,Pfizer BioNTech - Comirnaty,SII - Covishield,Sinovac - CoronaVac",44223,5 - Universal availability,Yes
BGR,318.588745117187,0,1.8028388,3,4,0.56973892,1.1521789,47.220001,66,,9735.334,257.211,395.70001,43.599998,25.700001,23.362,13101,"AstraZeneca - Vaxzevria,Janssen - Ad26.COV 2-S,Moderna - Spikevax,Pfizer BioNTech - Comirnaty",44195,5 - Universal availability,Partial
BHR,91.7413787841796,1,1.5524914,3,8,0.60050344,-2.0497482,29.629999,77,,16303.777,10.285,81.924004,167.963,69.685997,67.789001,,"AstraZeneca - Vaxzevria,Beijing CNBG - BBIBP-CorV,Gamaleya - Gam-Covid-Vac,Gamaleya - Sputnik-Light,Janssen - Ad26.COV 2-S,Moderna - Spikevax,Pfizer BioNTech - Comirnaty,SII - Covishield",44139,5 - Universal availability,Partial
BHS,82.8428802490234,1,0.77812475,2,4,0.9955377,0.47587138,39.349998,75,0,5763.5972,16.275,170.632,69.804001,37.949001,34.198002,,"AstraZeneca - Vaxzevria,Janssen - Ad26.COV 2-S,Pfizer BioNTech - Comirnaty,SII - Covishield",44269,5 - Universal availability,No
BIH,65.8083953857421,0,0.73342812,2,4,0.77161121,1.3633157,35.189999,61,,8226.7363,144.933,375.181,47.400002,25.396999,21.965,,"AstraZeneca - AZD1222, Pfizer BioNTech - Comirnaty, Sinovac - CoronaVac, Gamaleya - Sputnik V",,4 - Availability for all three plus partial additional availability (select broad groups/ages),Yes
BLM,,,0,4,,,,,,,16853.818,50.582001,40.465,,,,,,,,
BLR,32.953010559082,0,0.16297467,3,2,0.94975245,1.0891027,19.440001,76,,6793.2822,133.851,52.542999,60.200001,34.495998,25.669001,,"Beijing CNBG - BBIBP-CorV,Gamaleya - Gam-Covid-Vac",44230,4 - Availability for all three plus partial additional availability (select broad groups/ages),No
BLZ,143.408782958984,1,1.2472932,2,5,1.9304404,-0.54192758,60.189999,64,0,7419.2461,151.39799,140.332,101.484,57.153999,47.986,,"AstraZeneca - Vaxzevria,Beijing CNBG - BBIBP-CorV,Janssen - Ad26.COV 2-S,Pfizer BioNTech - Comirnaty,SII - Covishield",44256,5 - Universal availability,Yes
BMU,,1,1.3180672,2,2,0.84701508,-2.8536355,42.59,,870,9191.7852,25.693001,170.218,144.27,72.927002,71.342003,5512,"AstraZeneca - Vaxzevria,Pfizer BioNTech - Comirnaty",44207,5 - Universal availability,Yes
BOL,82.1848526000976,1,2.4866571,3,5,1.6128324,0.49376002,30.09,68,500,4535.981,51.409,163.351,70.829002,41.567001,34.499001,360843,"Beijing CNBG - BBIBP-CorV,Gamaleya - Gam-Covid-Vac,Janssen - Ad26.COV 2-S,Pfizer BioNTech - Comirnaty,SII - Covishield",44226,4 - Availability for all three plus partial additional availability (select broad groups/ages),No
BRA,156.201095581054,1,1.7040018,3,5,2.2815645,-1.4923508,41.200001,79,,10358.175,27.902,288.23001,131.36,75.101997,58.522999,12107003,"AstraZeneca - Vaxzevria,Janssen - Ad26.COV 2-S,Pfizer BioNTech - Comirnaty,SII - Covishield,Sinovac - CoronaVac",44213,4 - Availability for all three plus partial additional availability (select broad groups/ages),Yes
BRB,85.0237045288085,1,0.68413305,1,4,0.93805426,-0.52841455,67.589996,77,0,8280.1221,592.258,73.074997,99.401001,52.959999,46.439999,,"AstraZeneca - Vaxzevria,Beijing CNBG - BBIBP-CorV,Pfizer BioNTech - Comirnaty,SII - Covishield",44237,5 - Universal availability,Yes
BRN,107.975189208984,1,1.1977608,2,5,3.0176909,-2.7573626,79.629997,81,,3344.1609,82.517998,13.029,156.847,86.431999,67.536003,,"AstraZeneca - Vaxzevria,Beijing CNBG - BBIBP-CorV,Janssen - Ad26.COV 2-S,Moderna - Spikevax,Pfizer BioNTech - Comirnaty",44289,5 - Universal availability,No
BTN,111.001411437988,1,2.2528811,4,5,4.5637169,-2.4998183,47.220001,62,,341.23499,1.0369999,0.389,148.799,76.244003,72.555,,"AstraZeneca - Vaxzevria,Beijing CNBG - BBIBP-CorV,Moderna - Spikevax,Pfizer BioNTech - Comirnaty,SII - Covishield",44282,5 - Universal availability,Yes
BVT,,,,,,,,,,,,,,,,,,,,,
BWA,113.737007141113,0,0.73642266,2,6,0.44842345,1.6642621,13.89,61,,8277.333,22.24,102.737,40.187,40.187,31.618,,"Bharat - Covaxin,Janssen - Ad26.COV 2-S,Moderna - Spikevax,Pfizer BioNTech - Comirnaty,SII - Covishield,Sinovac - CoronaVac",44281,5 - Universal availability,Partial
CAF,31.5243949890136,0,0.11747986,2,2,0.014374312,2.5455351,11.11,33,,242.41299,0.87,2.0910001,8.7480001,7.5009999,6.6669998,,"Bharat - Covaxin,SII - Covishield",44274,4 - Availability for all three plus partial additional availability (select broad groups/ages),Partial
CAN,413.566131591796,1,4.4989481,4,5,3.204102,-2.7935941,67.129997,89,356200,4669.6699,32.158001,78.112,158.58299,79.808998,76.295998,1019783,"AstraZeneca - Vaxzevria,Janssen - Ad26.COV 2-S,Moderna - Spikevax,Pfizer BioNTech - Comirnaty,SII - Covishield",44179,5 - Universal availability,Yes
CCK,,,,,,,,,,,,,,,,,,,,,
CHE,268.487365722656,1,3.8707659,4,3,1.6649879,-1.9035752,50,83,100,10994.003,338.26999,126.626,128.2,67.261002,62.019001,,"Janssen - Ad26.COV 2-S,Moderna - Spikevax,Pfizer BioNTech - Comirnaty",44188,5 - Universal availability,Yes
CHL,228.779266357421,1,2.2786109,3,4,1.3960531,-3.2000968,35.650002,70,,9129.9775,86.513,199.564,207.375,87.635002,82.933998,7893198,"AstraZeneca - Vaxzevria,CanSino - Convidecia,Pfizer BioNTech - Comirnaty,Sinovac - CoronaVac",44186,4 - Availability for all three plus partial additional availability (select broad groups/ages),Yes
CHN,82.0678405761718,1,0.2779083,4,8,5.1826038,-2.6557984,76.389999,79,0,8.6680002,0.016000001,0.38699999,158.888,78.511002,68.976997,65730000,"Anhui ZL - Recombinant,Beijing CNBG - BBIBP-CorV,CanSino - Convidecia,IMB - Inactivated,Pfizer BioNTech - Comirnaty,Shenzhen - LV-SMENP-DC,Sinovac - CoronaVac,Wuhan CNBG - Inactivated",44034,5 - Universal availability,Yes
CIV,62.9508438110351,0,0.04637225,3,5,0.072184667,2.8040659,17.59,47,,233.491,0.303,2.665,14.579,10.12,4.46,,"Beijing CNBG - BBIBP-CorV,Gamaleya - Gam-Covid-Vac,Janssen - Ad26.COV 2-S,Pfizer BioNTech - Comirnaty,SII - Covishield",44256,4 - Availability for all three plus partial additional availability (select broad groups/ages),No
CMR,49.9576873779296,0,0.047519643,1,4,0.016821131,2.9342618,25,46,,400.02499,0,6.6680002,3.2390001,2.655,1.902,,"Beijing CNBG - BBIBP-CorV,Janssen - Ad26.COV 2-S,Pfizer BioNTech - Comirnaty,SII - Covishield",44298,5 - Universal availability,No
COD,59.014778137207,0,0.0078194393,2,1,0.0028033117,3.107214,39.810001,41,,64.792,0.252,1.233,0.18700001,0.139,0.052000001,,SII - Covishield,44305,1 - Availability for ONE of following: key workers/ clinically vulnerable groups (non elderly) / elderly groups,No
COG,61.0091819763183,0,0.098113626,2,4,0.14651968,2.969677,35.189999,39,,341.36801,5.4000001,6.3249998,11.337,9,8.2150002,,"Beijing CNBG - BBIBP-CorV,Gamaleya - Gam-Covid-Vac,Moderna - Spikevax,SII - Covishield",44278,5 - Universal availability,Yes
COK,,1,0,4,1,1.2589021,-2.0120213,,,,0,0,0,138.61301,71.737999,66.762001,,Pfizer BioNTech - Comirnaty,44333,,
COL,65.2882461547851,1,1.2279596,3,5,1.542364,-0.48259509,29.629999,76,8243,9920.9404,31.673,251.741,102.107,64.557999,45.181,,"AstraZeneca - Vaxzevria,Janssen - Ad26.COV 2-S,Moderna - Spikevax,Pfizer BioNTech - Comirnaty,Sinovac - CoronaVac",44244,5 - Universal availability,Yes
COM,52.5109634399414,0,0.82567173,2,3,0.97181433,1.3914937,,52,,512.534,6.5549998,17.249001,54.778,31.986,22.792,,"Beijing CNBG - BBIBP-CorV,Bharat - Covaxin,SII - Covishield",44296,0 - No availability,No
CPV,52.6019706726074,1,0.6391325,3,4,1.7639102,-0.15183437,37.959999,69,,6894.2261,5.756,62.771,97.108002,54.599998,42.507999,,"Beijing CNBG - BBIBP-CorV,Moderna - Spikevax,Pfizer BioNTech - Comirnaty,SII - Covishield",44273,5 - Universal availability,Yes
CRI,127.992164611816,1,1.600131,3,2,1.9378473,-1.6114913,54.630001,77,1200,11101.981,19.709,142.341,135.02,75.021004,59.492001,29847,"AstraZeneca - Vaxzevria,Pfizer BioNTech - Comirnaty",44189,5 - Universal availability,Yes
CUB,89.19287109375,1,0.035315048,,3,2.6756513,-3.146517,44.91,83,,8484.8105,17.462999,73.235001,244.927,89.265999,79.030998,,"CIGB - CIGB-66,Finlay - Soberana Plus,Finlay - Soberana-02",,5 - Universal availability,Partial
CUW,,1,0,3,3,0.5082041,-1.3176373,,,,10555.6,58.502998,107.256,119.618,62.259998,57.358002,,"AstraZeneca - Vaxzevria,Moderna - Spikevax,Pfizer BioNTech - Comirnaty",44251,,No
CXR,,,,,,,,,,,,,,,,,,,,,
CYM,,1,1.5216068,2,1,0.87113255,-3.3629992,,,,8417.5293,2022.215,6.086,184.23599,87.581001,84.223999,,Pfizer BioNTech - Comirnaty,44211,,Partial
CYP,326.650695800781,1,2.0750613,4,4,1.8553786,-1.8767798,46.299999,78,,14706.111,287.49799,66.441002,133.2,68.726997,66.849998,72108,"AstraZeneca - Vaxzevria,Janssen - Ad26.COV 2-S,Moderna - Spikevax,Pfizer BioNTech - Comirnaty",44188,5 - Universal availability,Partial
CZE,318.612030029296,1,1.9422948,3,4,1.9582441,-1.4276954,35.189999,76,3436,18871.146,1031.126,302.078,114.7,60.000999,57.862999,674428,"AstraZeneca - Vaxzevria,Janssen - Ad26.COV 2-S,Moderna - Spikevax,Pfizer BioNTech - Comirnaty",44188,5 - Universal availability,Yes
DEU,336.467041015625,1,2.8287044,4,4,2.0600102,-2.0704646,55.09,83,4000,6530.1499,425.39499,119.559,133.60001,70.057999,67.544998,6641501,"AstraZeneca - Vaxzevria,Janssen - Ad26.COV 2-S,Moderna - Spikevax,Pfizer BioNTech - Comirnaty",44188,5 - Universal availability,Yes
DJI,44.9671173095703,0,0.48097068,2,6,0.12313661,2.8148272,43.52,47,,1366.498,0.50599998,18.826,9.4040003,7.4489999,5.6459999,,"Beijing CNBG - BBIBP-CorV,Gamaleya - Gam-Covid-Vac,Janssen - Ad26.COV 2-S,Pfizer BioNTech - Comirnaty,SII - Covishield,Sinovac - CoronaVac",44270,4 - Availability for all three plus partial additional availability (select broad groups/ages),Partial
DMA,127.891151428222,1,1.8168938,3,4,0.25336301,0.2533522,79.629997,,,7837.0908,889,48.617001,76.584999,39.713001,36.870998,,"AstraZeneca - Vaxzevria,Beijing CNBG - BBIBP-CorV,Pfizer BioNTech - Comirnaty,SII - Covishield",44239,5 - Universal availability,No
DNK,318.588745117187,1,2.1874232,3,4,3.1162767,-2.8000894,44.439999,81,,7793.585,460.43399,48.362,152.3,77.265999,75.833,,"AstraZeneca - Vaxzevria,Janssen - Ad26.COV 2-S,Moderna - Spikevax,Pfizer BioNTech - Comirnaty",44181,5 - Universal availability,Yes
DOM,144.500579833984,1,3.2401373,3,3,1.4281471,-0.78327173,52.779999,74,,3719.0391,59.200001,38.625,125.895,63.029999,50.873001,1311914,"AstraZeneca - Vaxzevria,SII - Covishield,Sinovac - CoronaVac",44243,5 - Universal availability,Yes
DZA,34.7627983093261,0,0.12416124,2,4,0.64565009,2.0723138,39.810001,78,,476.867,2.296,13.742,25.944,14.701,11.244,13167,"Beijing CNBG - BBIBP-CorV,Gamaleya - Gam-Covid-Vac,SII - Covishield,Sinovac - CoronaVac",44226,3 - Availability for ALL of following: key workers/ clinically vulnerable groups (non elderly) / elderly groups,Partial
ECU,90.365234375,1,2.3750865,3,4,3.4130933,-1.572696,57.869999,77,,2972.0081,14.516,187.75101,134.48199,75.005997,60.577,275137,"AstraZeneca - Vaxzevria,CanSino - Convidecia,Pfizer BioNTech - Comirnaty,Sinovac - CoronaVac",44216,4 - Availability for all three plus partial additional availability (select broad groups/ages),Yes
EGY,123.378219604492,0,0.36295617,3,6,0.3481684,2.0423446,43.52,68,,343.254,6.2150002,19.535,36.064999,23.110001,13.702,,"AstraZeneca - Vaxzevria,Beijing CNBG - BBIBP-CorV,Gamaleya - Gam-Covid-Vac,Janssen - Ad26.COV 2-S,Pfizer BioNTech - Comirnaty,Sinovac - CoronaVac",44220,3 - Availability for ALL of following: key workers/ clinically vulnerable groups (non elderly) / elderly groups,No
ERI,30,0,,,,0,3.0434756,62.040001,38,,202.683,3.5250001,1.551,,,,,,,0 - No availability,No
ESH,,,,,,,,,,,,,,,,,,,,,
ESP,318.588745117187,1,5.3320746,3,4,3.07687,-2.9727561,41.200001,83,,10767.5,79.185997,185.563,47.200001,32.702999,15.046,3776118,"AstraZeneca - Vaxzevria,Janssen - Ad26.COV 2-S,Moderna - Spikevax,Pfizer BioNTech - Comirnaty",44195,5 - Universal availability,Yes
EST,318.588714599609,1,3.8674648,3,4,1.6024411,-1.4040805,32.41,75,68000,16449.057,386.01099,131.981,113,61.131001,57.001999,,"AstraZeneca - Vaxzevria,Janssen - Ad26.COV 2-S,Moderna - Spikevax,Pfizer BioNTech - Comirnaty",44188,5 - Universal availability,Yes
ETH,33.2661361694335,0,0.030764524,3,4,0.052834656,2.9845695,43.52,39,,322.13,1.177,5.822,5.033,2.4860001,2.5469999,,"Beijing CNBG - BBIBP-CorV,Bharat - Covaxin,Janssen - Ad26.COV 2-S,SII - Covishield",44268,4 - Availability for all three plus partial additional availability (select broad groups/ages),Partial
FIN,318.588745117187,1,2.580893,4,4,3.2642138,-2.3818171,32.869999,78,,3231.0869,114.926,22.768,148.89999,77.070999,71.822998,,"AstraZeneca - Vaxzevria,Janssen - Ad26.COV 2-S,Moderna - Spikevax,Pfizer BioNTech - Comirnaty",44188,5 - Universal availability,Yes
FJI,124.141212463378,1,1.4843984,3,3,3.2270024,-1.7836694,90.739998,64,0,5852.897,4.3509998,77.528,134.84599,70.556999,64.288002,,"AstraZeneca - Vaxzevria,Moderna - Spikevax,SII - Covishield",44262,5 - Universal availability,No
FLK,,,2.7103071,3,1,,,,,,2268.1599,0,0,126.529,75.567001,50.962002,,AstraZeneca - AZD1222,,,
FRA,318.588745117187,1,3.0478361,4,4,2.6466854,-2.2937737,66.669998,78,3500,11056.539,194.98801,178.506,143.39999,76.325996,68.580002,5598804,"AstraZeneca - Vaxzevria,Janssen - Ad26.COV 2-S,Moderna - Spikevax,Pfizer BioNTech - Comirnaty",44195,5 - Universal availability,Yes
FRO,,1,1.4524711,2,2,2.5747662,-2.8419008,38.889999,,,6638.6982,568.914,24.556999,160.334,82.278,78.056,,"Moderna - mRNA-1273, Pfizer BioNTech - Comirnaty",,5 - Universal availability,Partial
FSM,33.6721000671386,0,0.55989778,2,4,0,3.0107501,,47,,0,0,0,67.681,41.283001,36.425999,,"AstraZeneca - Vaxzevria,Janssen - Ad26.COV 2-S,Moderna - Spikevax,Pfizer BioNTech - Comirnaty",44209,,
GAB,78.3279495239257,0,0.13928027,3,3,0.20877263,2.6707723,50,49,,1669.472,16.669001,12.311,12.285,7.2690001,5.0149999,,"Beijing CNBG - BBIBP-CorV,Gamaleya - Gam-Covid-Vac,Pfizer BioNTech - Comirnaty",44278,5 - Universal availability,Partial
GBR,273.094207763671,1,3.5795305,3,3,1.2994348,-2.0639217,41.669998,87,21797,14568.437,426.534,212.07899,161.3,74.320999,67.628998,15639477,"AstraZeneca - Vaxzevria,Moderna - Spikevax,Pfizer BioNTech - Comirnaty",44186,5 - Universal availability,
GEO,65.0249404907226,1,0.45639762,3,4,1.3212777,1.1611947,47.220001,66,748,20535.123,703.57898,291.16299,47.700001,25.601,22.084,,"AstraZeneca - Vaxzevria,Beijing CNBG - BBIBP-CorV,Pfizer BioNTech - Comirnaty,Sinovac - CoronaVac",44272,5 - Universal availability,No
GGY,,0,,4,3,0,1.4400871,,,,5033.5049,735.24799,35.676998,161.429,,,,"Moderna - mRNA-1273, AstraZeneca - AZD1222, Pfizer BioNTech - Comirnaty",,,Partial
GHA,86.4955825805664,0,0.16913493,3,2,0.084936678,2.8421168,40.740002,47,2480,421.03201,0.377,3.888,10.178,7.493,2.6849999,,"Gamaleya - Gam-Covid-Vac,SII - Covishield",44257,4 - Availability for all three plus partial additional availability (select broad groups/ages),Partial
GIB,,1,1.4840759,,1,0.16833661,-5.9486938,,,,20610.846,1136.802,290.879,283.18201,121.062,118.177,15681,Pfizer BioNTech - Comirnaty,,,Partial
GIN,57.2697792053222,0,0.21654192,,6,0.22988144,2.5697122,53.700001,37,,234.12399,0.244,2.947,19.308001,12.511,6.7969999,,"Beijing CNBG - BBIBP-CorV,Gamaleya - Gam-Covid-Vac,Janssen - Ad26.COV 2-S,Pfizer BioNTech - Comirnaty,SII - Covishield,Sinovac - CoronaVac",44260,4 - Availability for all three plus partial additional availability (select broad groups/ages),Partial
GLP,,,0.40039536,3,5,,,,,,13765.733,56.481998,205.686,66.602997,33.713001,31.254,,"AstraZeneca - Vaxzevria,Moderna - Spikevax,Pfizer BioNTech - Comirnaty",44204,,
GMB,40.7226943969726,0,0.22460714,3,2,0.46413374,2.2869771,13.89,44,,413.29599,0.082999997,14.152,11.09,9.8000002,9.2229996,,"Beijing CNBG - BBIBP-CorV,SII - Covishield",44265,3 - Availability for ALL of following: key workers/ clinically vulnerable groups (non elderly) / elderly groups,Partial
GNB,55.750560760498,0,0.24349618,3,2,0.026523149,3.006825,,40,,326.931,1.626,7.4190001,18.474001,17.541,0.93300003,,"Beijing CNBG - BBIBP-CorV,SII - Covishield",44288,,Yes
GNQ,27.5882816314697,0,0.865583,1,2,0.27732134,2.0563846,,45,,964.94299,5.631,12.117,31.441,17.521999,13.918,,"Beijing CNBG - BBIBP-CorV,Sinovac - CoronaVac",44239,,Yes
GRC,318.588745117187,1,1.7557231,3,4,1.7695433,-1.8067602,80.089996,75,,8267.9629,442.065,162.56799,119.4,63.384998,60.641998,1003697,"AstraZeneca - Vaxzevria,Janssen - Ad26.COV 2-S,Moderna - Spikevax,Pfizer BioNTech - Comirnaty",44188,5 - Universal availability,Yes
GRD,42.9407615661621,1,0.74520749,3,4,0.78858054,0.78116733,,72,,5219.377,8.8870001,177.741,65.160004,35.297001,29.863001,,"AstraZeneca - Vaxzevria,Janssen - Ad26.COV 2-S,Pfizer BioNTech - Comirnaty,SII - Covishield",44242,,No
GRL,,1,0.19329952,3,1,3.2324228,-1.9846255,29.629999,,,2092.5811,262.453,0,136.30499,70.677002,65.626999,,Moderna - mRNA-1273,,5 - Universal availability,No
GTM,80.7781219482421,0,0.30500123,3,5,0.93288463,1.4833251,46.759998,55,,3426.584,21.534,88.415001,52.210999,31.468,20.743,,"AstraZeneca - Vaxzevria,Gamaleya - Gam-Covid-Vac,Moderna - Spikevax,Pfizer BioNTech - Comirnaty,SII - Covishield",44252,4 - Availability for all three plus partial additional availability (select broad groups/ages),Yes
GUF,,,0.39890251,4,2,,,,,,15292.184,77.004997,108.142,55.250999,29.113001,25.375,,"Moderna - Spikevax,Pfizer BioNTech - Comirnaty",44209,,
GUM,,,0.44453529,3,3,,,46.299999,,,8924.3076,49.178001,155.23599,154.172,79.059998,72.717003,,"Janssen - Ad26.COV 2-S,Moderna - Spikevax,Pfizer BioNTech - Comirnaty",44200,5 - Universal availability,
GUY,112.186820983886,1,0.85020578,3,6,0.73538095,0.45413983,65.739998,72,0,4745.395,64.585999,124.086,83.939003,50.104,33.834999,,"AstraZeneca - Vaxzevria,Beijing CNBG - BBIBP-CorV,Gamaleya - Gam-Covid-Vac,Moderna - Spikevax,Pfizer BioNTech - Comirnaty,SII - Covishield",44238,5 - Universal availability,Partial
HKG,99.3009185791015,1,4.2541084,4,,2.6571217,-1.4662642,52.779999,,1190000,,,,,,,,,,5 - Universal availability,Yes
HMD,,,,,,,,,,,,,,,,,,,,,
HND,94.8917160034179,1,0.43871498,4,6,1.6843474,0.074545838,63.889999,65,,3810.55,4.5739999,104.88,79.926003,40.264,39.666,,"AstraZeneca - Vaxzevria,Gamaleya - Gam-Covid-Vac,Janssen - Ad26.COV 2-S,Moderna - Spikevax,Pfizer BioNTech - Comirnaty,SII - Covishield",44253,4 - Availability for all three plus partial additional availability (select broad groups/ages),Partial
HRV,318.588714599609,1,1.5472802,3,4,1.0190049,-0.51047248,35.189999,71,,14087.82,784.09802,255.68201,92.900002,50.527,45.856998,,"AstraZeneca - Vaxzevria,Janssen - Ad26.COV 2-S,Moderna - Spikevax,Pfizer BioNTech - Comirnaty",44188,5 - Universal availability,Partial
HTI,30,0,0.043849908,3,2,0.014093637,2.9993806,64.809998,49,,218.811,2.105,6.3060002,1.39,0.93800002,0.454,,"Janssen - Ad26.COV 2-S,Moderna - Spikevax",,5 - Universal availability,Yes
HUN,354.917816162109,1,4.9708967,3,7,0.60009003,-1.5608476,27.780001,74,,10565.661,676.06097,341.29599,117.8,60.868,58.683998,2043213,"AstraZeneca - Vaxzevria,Beijing CNBG - BBIBP-CorV,Gamaleya - Gam-Covid-Vac,Janssen - Ad26.COV 2-S,Moderna - Spikevax,Pfizer BioNTech - Comirnaty,Sinovac - CoronaVac",44188,5 - Universal availability,Partial
IDN,96.0837783813476,1,0.84412366,3,6,1.0224768,0.53389764,57.869999,57,450000,1555.256,0.93900001,52.556,79.495003,48.139999,31.354,,"AstraZeneca - Vaxzevria,Beijing CNBG - BBIBP-CorV,Janssen - Ad26.COV 2-S,Moderna - Spikevax,Pfizer BioNTech - Comirnaty,Sinovac - CoronaVac",44209,4 - Availability for all three plus partial additional availability (select broad groups/ages),Yes
IMN,,1,0,3,3,2.1305635,-2.7260683,,,,12524.697,416.314,77.617996,156.375,80.214996,76.161003,,"Moderna - mRNA-1273, AstraZeneca - AZD1222, Pfizer BioNTech - Comirnaty",,,Partial
IND,100.388679504394,1,0.74532378,4,5,0.9806217,0.81289345,37.5,55,2417246,2501.9109,5.0780001,33.778999,82.331001,54.741001,27.59,,"Bharat - Covaxin,Gamaleya - Gam-Covid-Vac,Janssen - Ad26.COV 2-S,Moderna - Spikevax,SII - Covishield",44212,5 - Universal availability,Yes
IOT,,,,,,,,,,,,,,,,,,,,,
IRL,318.588745117187,1,4.6430635,3,4,2.7945895,-2.6720343,48.150002,76,12000,10768.465,636.28497,112.984,148.39999,77.268997,75.903,598037,"AstraZeneca - Vaxzevria,Janssen - Ad26.COV 2-S,Moderna - Spikevax,Pfizer BioNTech - Comirnaty",44195,5 - Universal availability,Yes
IRN,107.779823303222,1,0.37763655,3,6,1.3239542,-0.94846773,69.910004,72,,7242.1138,44.828999,153.647,116.886,66.240997,50.104,765235,"AstraZeneca - Vaxzevria,Beijing CNBG - BBIBP-CorV,Bharat - Covaxin,Finlay - Soberana-02,Gamaleya - Gam-Covid-Vac,Shifa - COVIran Barakat",44236,4 - Availability for all three plus partial additional availability (select broad groups/ages),Yes
IRQ,35.3220710754394,0,0.66140336,3,4,0.46410659,2.2940788,38.889999,61,,5159.4219,12.858,58.887001,28.295,17.540001,10.755,,"AstraZeneca - Vaxzevria,Beijing CNBG - BBIBP-CorV,Gamaleya - Gam-Covid-Vac,Pfizer BioNTech - Comirnaty",44257,5 - Universal availability,Yes
ISL,187.776672363281,1,3.4739926,3,4,2.0591052,-3.2058053,33.330002,84,100,4669.1602,286.70801,9.3369999,139.60001,77.782997,76.605003,111402,"AstraZeneca - Vaxzevria,Janssen - Ad26.COV 2-S,Moderna - Spikevax,Pfizer BioNTech - Comirnaty",44195,5 - Universal availability,Partial
ISR,240.051620483398,1,1.9640598,3,3,0.37793487,-1.6988105,53.700001,82,1467,15496.397,39.235001,94.471001,138.39999,72.107002,66.330002,4056586,"AstraZeneca - Vaxzevria,Moderna - Spikevax,Pfizer BioNTech - Comirnaty",44181,5 - Universal availability,Yes
ITA,376.566986083984,1,3.0557859,4,4,2.7472422,-2.4532428,71.300003,82,,8269.5645,112.055,223.41299,148.3,78.132004,72.658997,4673047,"AstraZeneca - Vaxzevria,Janssen - Ad26.COV 2-S,Moderna - Spikevax,Pfizer BioNTech - Comirnaty",44188,5 - Universal availability,Yes
JAM,130.229797363281,0,1.5298311,2,4,0.48961207,1.7736871,74.07,65,,3066.595,16.75,79.665001,36.053001,21.665001,16.507999,,"AstraZeneca - Vaxzevria,Janssen - Ad26.COV 2-S,Pfizer BioNTech - Comirnaty,SII - Covishield",44265,5 - Universal availability,Yes
JEY,,1,,4,3,1.5230858,-2.6004279,,,,12091.358,705.96301,74.213997,166.504,73.608002,69.488998,,"Moderna - mRNA-1273, AstraZeneca - AZD1222, Pfizer BioNTech - Comirnaty",,,Yes
JOR,63.4322814941406,1,0.39040431,3,6,1.4624205,0.30579749,28.700001,76,,9008.7324,231.39,111.505,76.903,40.051998,36.091,,"AstraZeneca - Vaxzevria,Beijing CNBG - BBIBP-CorV,Gamaleya - Gam-Covid-Vac,Janssen - Ad26.COV 2-S,Moderna - Spikevax,Pfizer BioNTech - Comirnaty",44209,5 - Universal availability,Yes
JPN,271.319183349609,1,2.1426914,4,4,3.4905226,-2.7944505,47.220001,83,1638032,1365.094,0.75999999,14.508,153.13699,78.348999,74.788002,,"AstraZeneca - Vaxzevria,Moderna - Spikevax,Novavax - Covavax,Pfizer BioNTech - Comirnaty",44244,5 - Universal availability,Partial
KAZ,70,1,0.64707828,3,5,1.7930295,-0.13796027,71.300003,76,,5579.2261,42.201,94.276001,86.900002,45.375,41.534,,"Beijing CNBG - BBIBP-CorV,Gamaleya - Gam-Covid-Vac,Pfizer BioNTech - Comirnaty,RIBSP - QazVac,Sinovac - CoronaVac",44293,5 - Universal availability,Partial
KEN,56.1420364379882,0,0.075853847,3,5,0.083686948,2.7111073,32.41,55,,473.72501,0.77899998,9.9090004,11.9,7.4219999,4.4780002,,"Beijing CNBG - BBIBP-CorV,Janssen - Ad26.COV 2-S,Moderna - Spikevax,Pfizer BioNTech - Comirnaty,SII - Covishield",44260,4 - Availability for all three plus partial additional availability (select broad groups/ages),Yes
KGZ,56.5918464660644,0,0.27788886,2,5,0.60267019,1.985876,43.52,70,1000,2804.2251,6.5139999,41.828999,28,15.622,12.356,,"AstraZeneca - Vaxzevria,Beijing CNBG - BBIBP-CorV,Gamaleya - Gam-Covid-Vac,Pfizer BioNTech - Comirnaty,RIBSP - QazVac",44286,5 - Universal availability,Yes
KHM,112.371253967285,1,1.2440419,3,5,3.4721882,-3.0060983,54.169998,60,,717.17401,1.89,17.375,168.73599,84.010002,78.950996,2172258,"AstraZeneca - Vaxzevria,Beijing CNBG - BBIBP-CorV,Janssen - Ad26.COV 2-S,SII - Covishield,Sinovac - CoronaVac",44237,5 - Universal availability,Yes
KIR,72.4259414672851,0,0.40185523,1,2,0.40619454,2.0253124,22.219999,41,,0,0,0,61.040001,48.324001,12.717,,"AstraZeneca - Vaxzevria,Beijing CNBG - BBIBP-CorV",44342,5 - Universal availability,
KNA,57.0537490844726,1,0.87607157,4,3,0.94338113,-0.45676568,,,,5200.0298,31.959999,52.639,96.656998,50.479,46.178001,,"AstraZeneca - Vaxzevria,Pfizer BioNTech - Comirnaty,SII - Covishield",44249,,No
KOR,208.353775024414,1,2.7020383,4,5,3.1141083,-2.8881679,39.349998,86,,821.05798,41.660999,6.4910002,157.14301,81.843002,78.212997,2102455,"AstraZeneca - Vaxzevria,Janssen - Ad26.COV 2-S,Moderna - Spikevax,Novavax - Covavax,Pfizer BioNTech - Comirnaty",44253,5 - Universal availability,Yes
KWT,46.6102638244628,0,3.9573236,3,5,1.4609089,1.4683775,51.849998,76,,9674.7021,3.0680001,57.696999,62.476002,,,,"AstraZeneca - Vaxzevria,Beijing CNBG - BBIBP-CorV,Janssen - Ad26.COV 2-S,Moderna - Spikevax,Pfizer BioNTech - Comirnaty",44193,5 - Universal availability,No
LAO,56.4386138916015,1,0.66255277,2,8,1.5063883,0.17859754,75,51,,868.09802,111.895,1.8279999,74.290001,47.750999,40.040001,,"AstraZeneca - Vaxzevria,Beijing CNBG - BBIBP-CorV,Gamaleya - Gam-Covid-Vac,Gamaleya - Sputnik-Light,Janssen - Ad26.COV 2-S,Pfizer BioNTech - Comirnaty,SII - Covishield,Sinovac - CoronaVac",44160,4 - Availability for all three plus partial additional availability (select broad groups/ages),No
LBN,46.4718551635742,0,0.81616694,3,4,0.96313512,1.2288998,40.740002,73,0,9669.1133,102.47,126.805,55.998001,29.306,25.666,,"AstraZeneca - Vaxzevria,Beijing CNBG - BBIBP-CorV,Gamaleya - Gam-Covid-Vac,Pfizer BioNTech - Comirnaty",44241,4 - Availability for all three plus partial additional availability (select broad groups/ages),Partial
LBR,37.7207717895507,0,0.10309081,2,1,0.0003750539,2.3223031,47.220001,39,,115.053,0.02,5.6750002,11.658,9.7679996,9.0279999,,SII - Covishield,44287,4 - Availability for all three plus partial additional availability (select broad groups/ages),Yes
LBY,90.8539276123046,0,0.60749054,3,7,0.24167946,2.445559,38.889999,64,,5361.3208,45.916,78.442001,32.514,23.848,8.6660004,,"AstraZeneca - Vaxzevria,Beijing CNBG - BBIBP-CorV,Gamaleya - Gam-Covid-Vac,Janssen - Ad26.COV 2-S,Moderna - Spikevax,Pfizer BioNTech - Comirnaty,Sinovac - CoronaVac",44297,4 - Availability for all three plus partial additional availability (select broad groups/ages),No
LCA,51.0546569824218,0,0.59576648,4,3,0.45936379,1.1910975,,68,,7027.2891,36.487,151.394,53.812,29.038,24.391001,,"AstraZeneca - Vaxzevria,Pfizer BioNTech - Comirnaty,SII - Covishield",44244,,Yes
LIE,,1,1.2160107,1,2,1.9307038,-1.9095118,28.700001,,,11151.831,776.83398,149.689,128.198,66.013,64.071999,,"Moderna - mRNA-1273, Pfizer BioNTech - Comirnaty",,4 - Availability for all three plus partial additional availability (select broad groups/ages),Partial
LKA,116.638763427734,1,2.2772863,2,6,3.6506345,-1.791953,52.779999,66,,2602.8789,20.393999,66.117996,138.09399,74.196999,63.896999,,"AstraZeneca - Vaxzevria,Beijing CNBG - BBIBP-CorV,Gamaleya - Gam-Covid-Vac,Moderna - Spikevax,Pfizer BioNTech - Comirnaty,SII - Covishield",44225,5 - Universal availability,No
LSO,110.779235839843,0,1.3820997,3,3,1.0462918,1.0613079,43.52,48,0,1014.401,1.587,30.902,28.833,27.160999,26.714001,,"Beijing CNBG - BBIBP-CorV,Janssen - Ad26.COV 2-S,SII - Covishield",44265,5 - Universal availability,No
LTU,318.588714599609,1,2.0589275,2,4,1.7471262,-1.8923916,46.299999,73,,16402.406,435.849,235.425,118.4,64.995003,61.466999,228523,"AstraZeneca - Vaxzevria,Janssen - Ad26.COV 2-S,Moderna - Spikevax,Pfizer BioNTech - Comirnaty",44188,5 - Universal availability,Yes
LUX,318.588745117187,1,2.3594451,2,4,0,-2.0382488,46.299999,83,,13837.389,302.983,137.67599,127.9,68.668999,65.503998,48274,"AstraZeneca - Vaxzevria,Janssen - Ad26.COV 2-S,Moderna - Spikevax,Pfizer BioNTech - Comirnaty",44195,5 - Universal availability,Yes
LVA,318.588745117187,1,2.0292964,4,4,1.3466082,-1.6299198,46.299999,71,,12919.654,298.95001,207.94901,105.9,62.147999,56.212002,,"AstraZeneca - Vaxzevria,Janssen - Ad26.COV 2-S,Moderna - Spikevax,Pfizer BioNTech - Comirnaty",44195,5 - Universal availability,Yes
MAC,,1,1.3224926,4,,2.3361282,-1.8619251,37.959999,,0,,,,,,,,,,4 - Availability for all three plus partial additional availability (select broad groups/ages),
MAF,,,0,4,,,,,,,,,,,,,,,,,
MAR,120.876136779785,1,2.0534177,3,5,1.9939601,-1.5329766,30.559999,70,,2571.0149,1.91,39.999001,131.709,66.334,61.298,,"AstraZeneca - Vaxzevria,Beijing CNBG - BBIBP-CorV,Gamaleya - Gam-Covid-Vac,Janssen - Ad26.COV 2-S,Pfizer BioNTech - Comirnaty",44224,4 - Availability for all three plus partial additional availability (select broad groups/ages),Yes
MCO,67.489875793457,1,0.58487922,4,1,1.1822224,-1.4760447,35.189999,,,9089.2881,206.401,91.734001,127.4,67.964996,59.393002,,Pfizer BioNTech - Comirnaty,44377,5 - Universal availability,No
MDA,55.2064781188964,0,0.54165816,2,6,0.94494057,1.2782975,29.629999,69,,8895.8916,125.906,219.858,38.900002,23.521999,22.365,,"AstraZeneca - Vaxzevria,Beijing CNBG - BBIBP-CorV,Gamaleya - Gam-Covid-Vac,Janssen - Ad26.COV 2-S,Pfizer BioNTech - Comirnaty,Sinovac - CoronaVac",44258,3 - Availability for ALL of following: key workers/ clinically vulnerable groups (non elderly) / elderly groups,Yes
MDG,30.5276622772216,0,0.019961344,3,3,0.046391971,3.028419,26.85,28,,159.15601,1.4450001,3.4920001,2.26,1.711,1.536,,"Beijing CNBG - BBIBP-CorV,Janssen - Ad26.COV 2-S,SII - Covishield",44326,5 - Universal availability,No
MDV,131.173614501953,1,2.3061113,3,8,2.0052478,-2.0728228,,62,,16801.777,130.239,45.880001,139.91901,73.098,66.820999,6722,"AstraZeneca - Vaxzevria,Beijing CNBG - BBIBP-CorV,Gamaleya - Gam-Covid-Vac,Janssen - Ad26.COV 2-S,Moderna - Spikevax,Pfizer BioNTech - Comirnaty,SII - Covishield,Sinovac - CoronaVac",44228,,Yes
MEX,119.710815429687,1,0.50216383,4,7,1.4718218,-0.72116631,35.189999,76,,2996.416,13.673,226.84,101.018,58.617001,49.397999,,"AstraZeneca - Vaxzevria,CanSino - Convidecia,Gamaleya - Gam-Covid-Vac,Janssen - Ad26.COV 2-S,Moderna - Spikevax,Pfizer BioNTech - Comirnaty,Sinovac - CoronaVac",44189,5 - Universal availability,Yes
MHL,37.435001373291,0,1.767071,3,3,0,3.0107501,,,,6.757,0,0,74.714996,41.609001,36.330002,,"Janssen - Ad26.COV 2-S,Moderna - Spikevax,Pfizer BioNTech - Comirnaty",44194,,
MKD,107.648284912109,1,0.90910923,3,6,1.7670492,0.15598084,,72,,10193.772,140.44501,357.54401,76.199997,38.974998,37.453999,63137,"AstraZeneca - Vaxzevria,Beijing CNBG - BBIBP-CorV,Gamaleya - Gam-Covid-Vac,Pfizer BioNTech - Comirnaty,Sinovac - CoronaVac,Wuhan CNBG - Inactivated",44244,,Yes
MLI,29.9999980926513,0,0.02702111,2,1,0.066444248,2.9091616,44.439999,38,,83.768997,1.402,2.9330001,3.1010001,2.4319999,1.39,,SII - Covishield,44286,4 - Availability for all three plus partial additional availability (select broad groups/ages),Partial
MLT,318.588714599609,1,4.2125382,3,4,1.5082349,-3.3917925,43.52,82,50,7535.1172,100.279,90.172997,157.3,82.185997,81.194,99506,"AstraZeneca - Vaxzevria,Janssen - Ad26.COV 2-S,Moderna - Spikevax,Pfizer BioNTech - Comirnaty",44188,5 - Universal availability,Partial
MMR,88.570213317871,0,0.69840372,2,2,0.30571097,1.6619127,85.190002,61,,952.90002,6.901,34.983002,44.576,27.004,17.572001,,"Beijing CNBG - BBIBP-CorV,SII - Covishield",44223,4 - Availability for all three plus partial additional availability (select broad groups/ages),Yes
MNE,82.1151504516601,1,1.3535607,3,4,0.9009164,-0.010998482,,68,,24673.996,409.354,357.44901,77.099998,41.581001,36.264999,,"AstraZeneca - Vaxzevria,Beijing CNBG - BBIBP-CorV,Gamaleya - Gam-Covid-Vac,Pfizer BioNTech - Comirnaty",44251,,Partial
MNG,86.3184432983398,1,1.4024254,3,6,0.86772889,-1.9288999,37.040001,62,,11420.161,26.629999,56.005001,149.44099,68.861,65.413002,,"AstraZeneca - Vaxzevria,Beijing CNBG - BBIBP-CorV,Gamaleya - Gam-Covid-Vac,Moderna - Spikevax,Pfizer BioNTech - Comirnaty,SII - Covishield",44250,4 - Availability for all three plus partial additional availability (select broad groups/ages),Partial
MNP,,,0,2,3,,,,,,,,,134.67,65.578003,62.019001,,"Janssen - Ad26.COV 2-S,Moderna - Spikevax,Pfizer BioNTech - Comirnaty",44184,,
MOZ,89.110496520996,0,0.089750789,3,3,0.36510804,2.2906125,48.150002,46,,484.69,0.192,6.2010002,28.447001,18.938,9.5089998,,"Beijing CNBG - BBIBP-CorV,Janssen - Ad26.COV 2-S,SII - Covishield",44263,4 - Availability for all three plus partial additional availability (select broad groups/ages),Partial
MRT,40.9133949279785,0,0.25436267,2,2,0.8416934,1.9951566,52.779999,41,,832.29797,10.99,17.657,37.118999,22.676001,14.442,,"Beijing CNBG - BBIBP-CorV,SII - Covishield",44281,4 - Availability for all three plus partial additional availability (select broad groups/ages),Partial
MSR,,0,1.0002,2,1,0.22800928,0.86949694,,,,880.17603,60.012001,20.004,58.992001,30.506001,28.466,,AstraZeneca - Vaxzevria,44235,,
MTQ,,,,4,1,,,,,,11889.731,174.81,187.601,71.348999,35.858002,33.370998,,Pfizer BioNTech - Comirnaty,,,
MUS,252.787322998046,1,1.5639265,4,3,3.2464395,-2.2799563,47.220001,63,,1492.332,0,18.871,143.69,71.850998,69.078003,,"Beijing CNBG - BBIBP-CorV,Bharat - Covaxin,SII - Covishield",44222,5 - Universal availability,No
MWI,30.3868160247802,0,0.057200342,3,2,0.16602795,2.8469846,44.439999,46,19610,323.383,0.093999997,12.044,7.1900001,5.421,3.0699999,,"Janssen - Ad26.COV 2-S,SII - Covishield",44266,5 - Universal availability,Yes
MYS,138.807754516601,1,2.5031114,4,5,4.1182966,-2.7588837,59.259998,73,585,8006.8159,123.692,92.885002,156.879,78.364998,75.846001,1519150,"AstraZeneca - Vaxzevria,CanSino - Convidecia,Gamaleya - Gam-Covid-Vac,Pfizer BioNTech - Comirnaty,Sinovac - CoronaVac",44251,5 - Universal availability,Partial
MYT,,,,4,,,,,,,7646.207,25.658001,67.811996,,,,,,,,
NAM,51.7381286621093,0,0.17592081,3,4,0.39803365,2.1620188,32.41,62,,5081.064,1.771,140.46201,22.579,13.861,11.455,,"Beijing CNBG - BBIBP-CorV,Janssen - Ad26.COV 2-S,Pfizer BioNTech - Comirnaty,SII - Covishield",44274,3 - Availability for ALL of following: key workers/ clinically vulnerable groups (non elderly) / elderly groups,No
NCL,,1,0.14739519,3,2,0.85870314,-1.4100415,,,,4171.3081,101.227,96.672997,120.073,62.417,57.655998,,"Janssen - Ad26.COV 2-S,Pfizer BioNTech - Comirnaty",44216,,No
NER,40.058967590332,0,0.030070266,2,2,0.027608966,2.8433144,16.67,37,,28.302,0.611,1.016,3.9779999,2.0910001,1.888,,"Beijing CNBG - BBIBP-CorV,SII - Covishield",44284,5 - Universal availability,No
NFK,,,,4,,,,,,,,,,,,,,,,,
NGA,49.1815795898437,0,0.041241959,3,1,0.031713203,2.9530766,38.889999,42,,103.614,0.2,1.443,4.5999999,2.9489999,1.651,,SII - Covishield,44260,5 - Universal availability,Yes
NIC,32.2380104064941,0,0.10497311,2,8,0.32527682,0.55056566,8.3299999,73,,199.89301,1.3890001,3.1849999,25.283001,18.858,7.4629998,,"AstraZeneca - Vaxzevria,CIGB - CIGB-66,Finlay - Soberana-02,Gamaleya - Gam-Covid-Vac,Gamaleya - Sputnik-Light,Janssen - Ad26.COV 2-S,Pfizer BioNTech - Comirnaty,SII - Covishield",44257,3 - Availability for ALL of following: key workers/ clinically vulnerable groups (non elderly) / elderly groups,No
NIU,,1,0.46353522,,1,11.875258,-1.4487463,,,,0,0,0,145.36501,74.289001,71.074997,,Pfizer BioNTech - Comirnaty,44355,,
NLD,318.588745117187,1,3.6507423,4,4,2.4938276,-2.519907,52.779999,86,39000,14162.148,868.56403,109.119,131.39999,71.345001,64.938004,,"AstraZeneca - Vaxzevria,Janssen - Ad26.COV 2-S,Moderna - Spikevax,Pfizer BioNTech - Comirnaty",44202,5 - Universal availability,Yes
NOR,77.2626876831054,1,2.9688768,3,4,2.7558782,-2.1942179,20.370001,87,45000,4550.915,271.258,18.686001,148.89999,78.625999,70.417999,377380,"AstraZeneca - Vaxzevria,Janssen - Ad26.COV 2-S,Moderna - Spikevax,Pfizer BioNTech - Comirnaty",44188,5 - Universal availability,Yes
NPL,62.813377380371,1,0.64020669,3,6,1.348467,1.1006255,57.869999,48,,2813.2771,6.9569998,39.5,56.752998,30.587,26.166,,"AstraZeneca - Vaxzevria,Beijing CNBG - BBIBP-CorV,Bharat - Covaxin,Gamaleya - Gam-Covid-Vac,Janssen - Ad26.COV 2-S,SII - Covishield",44223,5 - Universal availability,Yes
NRU,79.0950088500976,1,1.5875946,,2,6.6688123,-1.5312847,,,,0,0,0,136.515,70.260002,66.253998,,"AstraZeneca - Vaxzevria,SII - Covishield",44295,,
NZL,333.501403808593,1,2.0737281,3,4,2.2190726,-2.2526019,78.239998,87,26007,207.89101,26.938,0.829,148.692,78.517998,70.174004,,"AstraZeneca - Vaxzevria,Janssen - Ad26.COV 2-S,Novavax - Covavax,Pfizer BioNTech - Comirnaty",44246,5 - Universal availability,Yes
OMN,59.1501541137695,1,0.93853432,4,5,2.5403876,-0.94791347,39.810001,69,,5962.8218,1.214,80.542,103.237,58.013,45.223999,,"AstraZeneca - Vaxzevria,Gamaleya - Gam-Covid-Vac,Pfizer BioNTech - Comirnaty,SII - Covishield,Sinovac - CoronaVac",44194,5 - Universal availability,No
PAK,49.5204315185546,0,0.18391322,3,8,0.82298774,1.3568424,31.940001,45,38557,580.461,1.049,12.976,54.269001,35.694,22.174999,,"Beijing CNBG - BBIBP-CorV,Bharat - Covaxin,CanSino - Convidecia,Gamaleya - Gam-Covid-Vac,Moderna - Spikevax,Pfizer BioNTech - Comirnaty,SII - Covishield,Sinovac - CoronaVac",44230,5 - Universal availability,Yes
PAN,144.549362182617,1,1.892199,3,2,2.875324,-1.1381484,48.150002,79,,11031.812,31.889999,170.41499,137.77,71.116997,63.240002,151963,"AstraZeneca - Vaxzevria,Pfizer BioNTech - Comirnaty",44216,4 - Availability for all three plus partial additional availability (select broad groups/ages),Yes
PCN,,1,,,1,9.09091,-3.6521709,,,0,,,,148,74,74,,AstraZeneca - Vaxzevria,44333,,
PER,237.19905090332,1,0.61466837,3,3,1.9574088,-0.88189209,66.669998,77,,6746.1899,29.725,609.20398,117.66,65.189003,51.213001,437435,"AstraZeneca - Vaxzevria,Beijing CNBG - BBIBP-CorV,Pfizer BioNTech - Comirnaty",44236,5 - Universal availability,Yes
PHL,107.265876770019,1,1.1007252,3,10,1.2397392,0.077320136,74.540001,61,378,2579.6909,7.6300001,43.153,61.796001,36.974998,28.111,,"AstraZeneca - Vaxzevria,Beijing CNBG - BBIBP-CorV,Bharat - Covaxin,Gamaleya - Gam-Covid-Vac,Janssen - Ad26.COV 2-S,Julphar - Hayat-Vax,Moderna - Spikevax,Novavax - Covavax,Pfizer BioNTech - Comirnaty,Sinovac - CoronaVac",44256,5 - Universal availability,Yes
PLW,92.852424621582,0,1.2712802,2,3,0,3.0434756,,,0,44.217999,0,0,183.89301,98.900002,86.363998,,"Janssen - Ad26.COV 2-S,Moderna - Spikevax,Pfizer BioNTech - Comirnaty",44199,,
PNG,31.1979370117187,0,0.040683907,3,4,0.035306171,2.8922172,65.739998,40,,386.77701,18.107,5.9130001,3.7679999,2.8469999,2.026,,"AstraZeneca - Vaxzevria,Beijing CNBG - BBIBP-CorV,Janssen - Ad26.COV 2-S,SII - Covishield",44285,5 - Universal availability,No
POL,318.588745117187,1,2.1510518,4,4,1.2942709,-1.0426668,41.669998,75,12238,8898.4824,387.30801,213.994,101.3,54.141998,53.178001,2206886,"AstraZeneca - Vaxzevria,Janssen - Ad26.COV 2-S,Moderna - Spikevax,Pfizer BioNTech - Comirnaty",44188,5 - Universal availability,Partial
PRI,,,1.4823688,3,3,,,26.85,,221,6553.2202,30.341,114.057,194.819,105.482,83.081001,,"Janssen - Ad26.COV 2-S,Moderna - Spikevax,Pfizer BioNTech - Comirnaty",,5 - Universal availability,
PRK,30,,,,,,,,71,,0,0,0,,,,,,,,No
PRT,318.588745117187,1,3.1887386,4,4,3.7507653,-3.5209942,40.740002,82,,10914.607,148.564,178.119,158.39999,87.958,81.371002,,"AstraZeneca - Vaxzevria,Janssen - Ad26.COV 2-S,Moderna - Spikevax,Pfizer BioNTech - Comirnaty",44188,5 - Universal availability,Yes
PRY,87.9150390625,1,1.1763344,3,8,1.6908972,0.3554042,35.189999,69,20,6481.3252,4.5710001,229.371,83.026001,45.979,35.862999,84487,"AstraZeneca - Vaxzevria,Beijing CNBG - BBIBP-CorV,Bharat - Covaxin,Gamaleya - Gam-Covid-Vac,Julphar - Hayat-Vax,Moderna - Spikevax,Pfizer BioNTech - Comirnaty,Sinovac - CoronaVac",44249,4 - Availability for all three plus partial additional availability (select broad groups/ages),Yes
PSE,93.4435195922851,0,0.20798539,2,8,0,1.0917404,25,,,,,,58.308998,36.973999,26.261999,2779,"AstraZeneca - Vaxzevria,Beijing CNBG - BBIBP-CorV,Gamaleya - Gam-Covid-Vac,Gamaleya - Sputnik-Light,Janssen - Ad26.COV 2-S,Moderna - Spikevax,Pfizer BioNTech - Comirnaty,Sinovac - CoronaVac",44229,4 - Availability for all three plus partial additional availability (select broad groups/ages),Yes
PYF,,1,0.57884544,3,2,2.0490077,-1.113819,,,,16236.277,2.848,226.409,109.12,56.723999,52.396,,"Janssen - Ad26.COV 2-S,Pfizer BioNTech - Comirnaty",44214,,Partial
QAT,80.5421829223632,1,0,4,4,2.0790577,-2.7458506,51.849998,68,0,8407.6201,34.570999,21.208,170.842,,,,"AstraZeneca - Vaxzevria,Janssen - Ad26.COV 2-S,Moderna - Spikevax,Pfizer BioNTech - Comirnaty",44188,5 - Universal availability,Partial
REU,,,0.69442022,3,,,,,,,6385.8188,146.09399,42.332001,,,,,,,,
ROU,318.588745117187,1,2.9293776,3,4,0.34845147,0.17820017,53.700001,74,35000,9127.5586,102.495,285.134,65.599998,38.84,35.523998,,"AstraZeneca - Vaxzevria,Janssen - Ad26.COV 2-S,Moderna - Spikevax,Pfizer BioNTech - Comirnaty",44223,5 - Universal availability,Yes
RUS,70,1,0.10909007,4,2,1.2588049,0.21833043,38.43,75,,6441.8198,174.683,182.67,78.099998,41.912998,35.076,3503150,"SRCVB - EpiVacCorona, Gamaleya - Sputnik V",,5 - Universal availability,No
RWA,71.573989868164,0,0.17267787,3,7,0.78484923,1.4213499,51.849998,57,0,773.85999,0.64899999,10.353,59.125999,39.076,21.433001,,"Beijing CNBG - BBIBP-CorV,Gamaleya - Gam-Covid-Vac,Janssen - Ad26.COV 2-S,Moderna - Spikevax,Pfizer BioNTech - Comirnaty,SII - Covishield,Sinovac - CoronaVac",44260,4 - Availability for all three plus partial additional availability (select broad groups/ages),Yes
SAU,69.2224426269531,1,1.7743628,4,4,3.5430865,-1.7731986,51.849998,74,0,1578.446,0.741,25.351999,135.23199,70.412003,63.867001,,"AstraZeneca - Vaxzevria,Janssen - Ad26.COV 2-S,Moderna - Spikevax,Pfizer BioNTech - Comirnaty",44202,5 - Universal availability,Partial
SDN,42.1541099548339,0,0.053389717,3,5,0.07524395,2.9448977,13.89,44,,95.531998,1.229,7.1020002,6.1529999,5.1810002,2.312,,"Beijing CNBG - BBIBP-CorV,Janssen - Ad26.COV 2-S,Pfizer BioNTech - Comirnaty,SII - Covishield,Sinovac - CoronaVac",44264,4 - Availability for all three plus partial additional availability (select broad groups/ages),No
SEN,69.2947006225585,0,0.11320879,3,3,0.17342052,2.5706935,21.299999,45,,441.76599,0.090000004,11.246,11.366,7.862,5.4850001,,"Beijing CNBG - BBIBP-CorV,Janssen - Ad26.COV 2-S,SII - Covishield",44250,4 - Availability for all three plus partial additional availability (select broad groups/ages),Partial
SGP,85.9999923706054,1,0.068372056,4,4,3.2426052,-3.8246434,44.439999,86,,4335.627,245.746,11.401,159.40401,80.167999,79.236,745102,"AstraZeneca - Vaxzevria,Beijing CNBG - BBIBP-CorV,Moderna - Spikevax,Pfizer BioNTech - Comirnaty",44195,5 - Universal availability,Partial
SGS,,,,,,,,,,,,,,,,,,,,,
SHN,,,0.6423983,4,1,,,,,,0,0,0,129.995,71.833,58.161999,,AstraZeneca - AZD1222,,,
SJM,,,,,,,,,,,,,,,,,,,,,
SLB,41.5767860412597,0,0.24138202,3,3,0.2003261,2.6066377,27.780001,47,,2.9119999,0,0,28.216999,21.951,6.2659998,,"AstraZeneca - Vaxzevria,Beijing CNBG - BBIBP-CorV,SII - Covishield",44278,5 - Universal availability,
SLE,39.4579010009765,0,0.049141373,3,2,0.025212582,2.7605932,29.629999,39,96000,80.231003,0,1.517,9.3369999,7.5669999,3.7939999,,"Beijing CNBG - BBIBP-CorV,SII - Covishield",44270,4 - Availability for all three plus partial additional availability (select broad groups/ages),Partial
SLV,111.850120544433,1,1.8931468,3,6,2.5903955,-1.6411867,27.780001,76,,1819.8781,0,57.908001,137.724,67.557999,61.564999,637969,"AstraZeneca - Vaxzevria,Beijing CNBG - BBIBP-CorV,Moderna - Spikevax,Pfizer BioNTech - Comirnaty,SII - Covishield,Sinovac - CoronaVac",44244,5 - Universal availability,Partial
SMR,74.0164642333984,1,2.500442,4,2,0.056916036,-1.9532921,37.959999,,,17187.225,433.14301,274.02899,140.3,73.387001,64.827003,,"Gamaleya - Gam-Covid-Vac,Pfizer BioNTech - Comirnaty",44251,5 - Universal availability,No
SOM,31.2225303649902,0,0.057282291,2,4,0.079185531,2.8746161,35.189999,25,,144.521,0.83099997,8.3310003,7.1690001,4.27,4.4450002,,"Beijing CNBG - BBIBP-CorV,Janssen - Ad26.COV 2-S,SII - Covishield,Sinovac - CoronaVac",44271,3 - Availability for ALL of following: key workers/ clinically vulnerable groups (non elderly) / elderly groups,Partial
SPM,,,1.7428818,4,,,,,,,862.81299,293.35599,0,,,,,,,,
SRB,52.4888229370117,1,0.73206013,4,4,0.47579429,-0.37354499,40.740002,65,0,17841.498,305.74399,162.862,90.199997,46.199001,44.002998,1391677,"AstraZeneca - Vaxzevria,Beijing CNBG - BBIBP-CorV,Gamaleya - Gam-Covid-Vac,Pfizer BioNTech - Comirnaty",44188,5 - Universal availability,Partial
SSD,30.2591953277587,0,0.0055388156,1,2,0.018164385,2.8914936,35.189999,31,59000,113.313,0.83999997,1.188,1.775,0.75800002,1.018,,"Janssen - Ad26.COV 2-S,SII - Covishield",44292,4 - Availability for all three plus partial additional availability (select broad groups/ages),Partial
STP,90.2156143188476,0,0.442597,2,2,0.4773438,1.8919029,,55,,1702.417,0,25.552,52.132,37.533001,14.599,,"AstraZeneca - Vaxzevria,SII - Covishield",44270,,
SUR,86.1484832763671,1,0.79061222,3,5,1.676996,0.26544094,72.220001,71,,8602.3271,65.799004,196.375,79.823997,43.463001,36.361,,"AstraZeneca - Vaxzevria,Beijing CNBG - BBIBP-CorV,Moderna - Spikevax,Pfizer BioNTech - Comirnaty,SII - Covishield",44250,5 - Universal availability,No
SVK,337.038665771484,1,2.4829314,3,5,0.93899083,-0.2114398,34.720001,77,700,11385.809,944.63501,256.23499,89.800003,46.667999,45.235001,,"AstraZeneca - Vaxzevria,Gamaleya - Gam-Covid-Vac,Janssen - Ad26.COV 2-S,Moderna - Spikevax,Pfizer BioNTech - Comirnaty",44202,5 - Universal availability,Yes
SVN,318.588745117187,1,2.7663243,3,4,1.298005,-1.1182929,53.700001,79,,19184.621,1054.412,257.93701,104.7,57.259998,53.985001,,"AstraZeneca - Vaxzevria,Janssen - Ad26.COV 2-S,Moderna - Spikevax,Pfizer BioNTech - Comirnaty",44188,4 - Availability for all three plus partial additional availability (select broad groups/ages),Yes
SWE,318.588745117187,1,1.5066435,3,3,2.4722426,-2.1692836,19.440001,86,1900,11538.114,68.748001,146.15199,137.8,70.389999,67.455002,,"AstraZeneca - Vaxzevria,Moderna - Spikevax,Pfizer BioNTech - Comirnaty",44188,5 - Universal availability,Yes
SWZ,31.5523529052734,0,0.30064714,1,3,1.2187777,1.3932356,61.110001,63,,4007.2781,1.638,107.571,25.285,23.216999,22.296,,"Janssen - Ad26.COV 2-S,Pfizer BioNTech - Comirnaty,SII - Covishield",44274,5 - Universal availability,Yes
SXM,,1,0.70938855,2,3,1.0954212,-1.2542994,,,0,,,,119.938,62.380001,57.557999,,"AstraZeneca - Vaxzevria,Moderna - Spikevax,Pfizer BioNTech - Comirnaty",44249,,No
SYC,98.6755599975585,1,1.4236323,4,4,0.27340871,-2.8536665,75,71,,23404.883,319.27802,124.051,178.338,83.042,78.768997,,"Beijing CNBG - BBIBP-CorV,Gamaleya - Gam-Covid-Vac,Julphar - Hayat-Vax,SII - Covishield",44206,5 - Universal availability,No
SYR,30.8207607269287,0,0.062873073,2,6,0.12323894,2.8349826,60.650002,60,,270.453,5.1999998,15.479,7.6700001,4.704,4.1300001,,"Beijing CNBG - BBIBP-CorV,Gamaleya - Gam-Covid-Vac,Gamaleya - Sputnik-Light,Janssen - Ad26.COV 2-S,SII - Covishield,Sinovac - CoronaVac",44287,4 - Availability for all three plus partial additional availability (select broad groups/ages),No
TCA,,1,1.3990909,3,1,1.7331798,-2.1956615,,,,7967.8701,103.311,59.403999,145.521,75.443001,70.079002,,Pfizer BioNTech - Comirnaty,44207,,No
TCD,30.5911922454834,0,0.01830163,1,1,0.012928519,2.916646,22.219999,28,,31.091,0,1.0650001,1.52,1.091,0.42899999,,Beijing CNBG - BBIBP-CorV,44351,4 - Availability for all three plus partial additional availability (select broad groups/ages),Yes
TGO,79.803955078125,0,0.086561516,2,1,0.27673358,2.6442261,38.889999,43,,316.595,0.51899999,2.9349999,18.212,12.065,6.1469998,,SII - Covishield,44265,5 - Universal availability,No
THA,146.73486328125,1,1.7466339,4,7,1.3570241,-1.2478061,55.09,80,,2974.406,65.093002,29.354,117.061,64.763,52.298,3068505,"AstraZeneca - Vaxzevria,Beijing CNBG - BBIBP-CorV,Janssen - Ad26.COV 2-S,Moderna - Spikevax,Pfizer BioNTech - Comirnaty,SII - Covishield,Sinovac - CoronaVac",44255,4 - Availability for all three plus partial additional availability (select broad groups/ages),Yes
TJK,60.7211799621582,1,0.42275649,2,6,1.3778898,1.2850164,29.629999,68,,183.41,0.041999999,1.311,53,29.233,23.813,,"AstraZeneca - Vaxzevria,Gamaleya - Gam-Covid-Vac,Moderna - Spikevax,Pfizer BioNTech - Comirnaty,SII - Covishield,Sinovac - CoronaVac",44279,5 - Universal availability,No
TKL,,1,0.51851851,2,1,0,-2.419342,,,,0,0,0,143.407,71.704002,71.704002,,Pfizer BioNTech - Comirnaty,44397,,
TKM,71.5060806274414,1,0,,4,5.7876773,-0.70044702,61.110001,70,,0,0,0,125.7,72.535004,53.161999,,"AstraZeneca - Vaxzevria,Beijing CNBG - BBIBP-CorV,Gamaleya - Gam-Covid-Vac,SRCVB - EpiVacCorona",44251,5 - Universal availability,
TLS,43.7088279724121,1,0.38124543,2,4,1.3141687,0.78895581,44.91,52,,1503.286,0.60699999,9.2530003,77.155998,46.723999,30.431999,,"AstraZeneca - Vaxzevria,Pfizer BioNTech - Comirnaty,SII - Covishield,Sinovac - CoronaVac",44293,5 - Universal availability,Yes
TON,59.2540206909179,1,0.98205245,1,2,1.8383863,-0.096527666,47.220001,58,0,0.94599998,0,0,110.462,68.778,41.683998,,"AstraZeneca - Vaxzevria,Pfizer BioNTech - Comirnaty",44300,3 - Availability for ALL of following: key workers/ clinically vulnerable groups (non elderly) / elderly groups,
TTO,162.146011352539,1,1.082715,2,5,2.2236156,-0.41863173,62.959999,74,,4708.0791,258.80899,140.55099,90.555,48.256001,45.157001,,"AstraZeneca - Vaxzevria,Beijing CNBG - BBIBP-CorV,Janssen - Ad26.COV 2-S,Pfizer BioNTech - Comirnaty,SII - Covishield",44244,5 - Universal availability,No
TUN,81.4770278930664,1,0.71061605,2,7,2.0245271,-0.14540699,16.67,70,,6060.7588,4.9239998,214.467,91.471001,57.828999,40.317001,324327,"AstraZeneca - Vaxzevria,Beijing CNBG - BBIBP-CorV,Gamaleya - Gam-Covid-Vac,Janssen - Ad26.COV 2-S,Moderna - Spikevax,Pfizer BioNTech - Comirnaty,Sinovac - CoronaVac",44268,4 - Availability for all three plus partial additional availability (select broad groups/ages),Yes
TUR,141.105529785156,1,2.6085184,4,2,2.5287774,-1.3972976,28.700001,74,0,10192.679,194.918,89.205002,140.3,67.133003,59.679001,13364261,"Pfizer BioNTech - Comirnaty, Sinovac - CoronaVac",,5 - Universal availability,Yes
TUV,59.3501052856445,1,1.0006784,1,1,2.786463,-0.68833667,,,0,0,0,0,102.731,52.832001,49.897999,,AstraZeneca - Vaxzevria,44299,,
TZA,30.4065151214599,0,0.020815542,4,3,0.040651441,2.8617756,8.3299999,43,,43.963001,0.089000002,1.222,2.2379999,0.59100002,1.647,,"Beijing CNBG - BBIBP-CorV,Janssen - Ad26.COV 2-S,Pfizer BioNTech - Comirnaty",44405,5 - Universal availability,No
UGA,50.6218605041503,0,0.43561095,2,5,0.062352378,2.9604204,75.93,45,14460,278.23599,0.58200002,7.105,10.388,8.3920002,1.9960001,,"Janssen - Ad26.COV 2-S,Moderna - Spikevax,Pfizer BioNTech - Comirnaty,SII - Covishield,Sinovac - CoronaVac",44265,4 - Availability for all three plus partial additional availability (select broad groups/ages),Yes
UKR,84.6064682006835,0,0.83754188,4,6,0.85652649,1.2233841,57.41,68,,7667.1572,247.834,188.22501,47.900002,28.049,19.806999,,"AstraZeneca - Vaxzevria,Janssen - Ad26.COV 2-S,Moderna - Spikevax,Pfizer BioNTech - Comirnaty,SII - Covishield,Sinovac - CoronaVac",44251,5 - Universal availability,Yes
UMI,,,,,,,,,,,,,,,,,,,,,
URY,79.5711059570312,1,1.4528142,3,3,2.0575738,-2.7515283,37.040001,80,,11452.848,37.308998,176.036,193.224,79.866997,75.920998,1308170,"AstraZeneca - Vaxzevria,Pfizer BioNTech - Comirnaty,Sinovac - CoronaVac",44254,5 - Universal availability,No
USA,247.810943603515,1,2.537744,4,3,0.59725505,-1.3862791,29.629999,84,110500,14330.638,197.66499,231.804,144.99001,80.764999,59.394001,36573400,"Janssen - Ad26.COV 2-S,Moderna - Spikevax,Pfizer BioNTech - Comirnaty",44179,5 - Universal availability,Yes
UZB,83.4097290039062,0,0.30505839,3,6,0.75986207,1.743614,33.330002,73,,572.91498,4.9180002,4.1290002,75.300003,50.277,25.059999,,"Anhui ZL - Recombinant,Gamaleya - Gam-Covid-Vac,Moderna - Spikevax,Pfizer BioNTech - Comirnaty,SII - Covishield,Sinovac - CoronaVac",44314,5 - Universal availability,No
VAT,,0,12.360939,4,,0,3.0769205,,,,3213.844,0,0,,,,,,,,
VCT,72.734275817871,0,0.66698515,3,4,0.87022054,1.5070157,,71,,4880.1152,79.321999,65.801003,45.744999,26.358999,19.385,,"AstraZeneca - Vaxzevria,Gamaleya - Gam-Covid-Vac,Pfizer BioNTech - Comirnaty,SII - Covishield",44228,,No
VEN,48.2775917053222,1,0.90002286,3,4,1.4331007,0.59226465,75,74,,1495.337,19.229,17.861,81.434998,48.734001,32.605999,,"Beijing CNBG - BBIBP-CorV,CIGB - CIGB-66,Gamaleya - Gam-Covid-Vac,Sinovac - CoronaVac",44249,1 - Availability for ONE of following: key workers/ clinically vulnerable groups (non elderly) / elderly groups,Partial
VGB,,1,1.1588451,2,2,1.5305619,-1.1121308,,,,9144.4258,66.143997,125.674,114.456,59.983002,54.473,,"AstraZeneca - Vaxzevria,Janssen - Ad26.COV 2-S",44238,,
VIR,,,1.6588299,2,,,,42.59,,,7149.6289,91.931999,81.398003,,,,,,,5 - Universal availability,
VNM,124.232666015625,1,0.99362135,3,6,0.779764,-0.32368183,67.129997,75,,1135.043,71.602997,24.606001,99.197998,65.422997,33.773998,,"AstraZeneca - Vaxzevria,Beijing CNBG - BBIBP-CorV,CIGB - CIGB-66,Gamaleya - Gam-Covid-Vac,Moderna - Spikevax,Pfizer BioNTech - Comirnaty",44263,5 - Universal availability,Yes
VUT,53.8501091003418,0,0.20836724,2,2,0.32581517,2.1428604,19.440001,48,0,1.628,0,0,42.185001,29.129999,13.059,,"AstraZeneca - Vaxzevria,Beijing CNBG - BBIBP-CorV",44349,5 - Universal availability,
WLF,,1,1.6005691,2,1,0.49576348,-1.0381956,,,,,,,105.62,53.317001,52.303001,,Moderna - Spikevax,44274,,
WSM,68.5796203613281,1,1.0019656,4,1,2.0136573,-0.23525862,,58,,0.50400001,0,0,112.645,69.178001,43.467999,,AstraZeneca - Vaxzevria,44304,,
YEM,30.0000019073486,0,0.071052179,2,3,0.003492641,2.9551823,23.15,42,,33.396999,0.083999999,6.5009999,2.546,1.802,1.186,,"Janssen - Ad26.COV 2-S,SII - Covishield,Sinovac - CoronaVac",44306,3 - Availability for ALL of following: key workers/ clinically vulnerable groups (non elderly) / elderly groups,Yes
ZAF,90.0598983764648,0,1.3893411,3,2,1.0225487,1.2620126,45.369999,69,2000000,4940.5469,6.9109998,151.047,41.556,28.077999,23.396999,,"Janssen - Ad26.COV 2-S,Pfizer BioNTech - Comirnaty",44244,5 - Universal availability,Yes
ZMB,53.6513977050781,0,0.047432665,3,3,0.15754248,2.8767285,44.439999,53,,1142.698,0.419,19.947001,5.3600001,4.388,3.4100001,,"Beijing CNBG - BBIBP-CorV,Janssen - Ad26.COV 2-S,SII - Covishield",44300,4 - Availability for all three plus partial additional availability (select broad groups/ages),No
ZWE,92.996238708496,0,0.45650497,3,4,0.84721738,1.618118,44.439999,54,,899.37903,1.3660001,31.615999,41.478001,23.336,18.143,,"Beijing CNBG - BBIBP-CorV,Bharat - Covaxin,Gamaleya - Gam-Covid-Vac,Sinovac - CoronaVac",44245,5 - Universal availability,Yes
KOS,63.200584411621,,,,,,,,,,,,,,,,,,,,
TWN,157.346206665039,,,,,,,,,,,,,,,,,,,,