iso,cost_gdp_income40,pricebracket_che40,economicsupportindex,procurement_total,hdi,h5_dummyinvestment,gdp2021,gov_debt,e4_international_support,h5_investment_in_vaccines,health_care_exp_percapita,casescumulativetotalper100000pop,casesnewlyreportedinlast7daysper,deathscumulativetotalper100000po,total_vaccinations_per100,persons_vaccinated_1plus_dose_pe,persons_fully_vaccinated_per100,max_booster,vaccines_used,first_vaccine_date,number_vaccines_types_used,h7_vac_policy,case_by_sex
,,,,,,,,,,,,,,,,,,,,,,,
ABW,0.044086169,,12.5,0,,0,2.865,,0,0,,15175.243,111.459,162.037,150.405,77.919998,72.485001,,"Janssen - Ad26.COV 2-S,Pfizer BioNTech - Comirnaty",44244,2,5 - Universal availability,No
AFG,1.9816052,20.111307,0,0,0.511,1,n/a,,152400000,113000000,49.84260941,403.20499,0.90200001,18.76,10.322,9.0679998,8.191,,"Beijing CNBG - BBIBP-CorV,Janssen - Ad26.COV 2-S,Pfizer BioNTech - Comirnaty,SII - Covishield",44249,4,1 - Availability for ONE of following: key workers/ clinically vulnerable groups (non elderly) / elderly groups,Yes
AGO,0.23638684,5.5879717,0,111000,0.581,0,70.339,,0,0,87.6167678799999,197.87199,0.36500001,5.2639999,26.77,18.698,8.0719995,,SII - Covishield,44265,1,5 - Universal availability,No
AIA,,,,0,,,,,,,,8452.2061,873.21698,19.997,127.09,66.030998,61.058998,,"AstraZeneca - Vaxzevria,Pfizer BioNTech - Comirnaty",44232,2,,No
ALA,,,,,,,,,,,,,,,,,,,,,,,
ALB,0.15267174,2.8488901,50,8900000,0.795,1,16.77,,0,6900000,274.91409302,6831.9902,116.13,105.949,68.599998,36.952999,32.445,47512,"AstraZeneca - Vaxzevria,Gamaleya - Gam-Covid-Vac,Pfizer BioNTech - Comirnaty,SII - Covishield,Sinovac - CoronaVac",44209,5,5 - Universal availability,Yes
AND,,0.3759301,100,202000,0.868,0,3.213,,473499125,0,2821.80126952999,21094.934,507.345,168.252,135.3,72.198997,65.026001,,"AstraZeneca - Vaxzevria,Moderna - Spikevax,Pfizer BioNTech - Comirnaty",44216,3,5 - Universal availability,No
ARE,0.028117049,0.58370781,25,,0.89,1,410.158,,0,5000000,1817.34765625,7497.167,4.9949999,21.677999,219.459,,,2914743,"AstraZeneca - Vaxzevria,Beijing CNBG - BBIBP-CorV,Gamaleya - Gam-Covid-Vac,Pfizer BioNTech - Comirnaty,SII - Covishield",44179,5,5 - Universal availability,No
ARG,0.084898308,0.69438332,25,0,0.845,0,455.172,,0,0,1127.90722656,11760.719,21.254,257.495,144.24699,79.958,62.373001,1420213,"AstraZeneca - Vaxzevria,Beijing CNBG - BBIBP-CorV,CanSino - Convidecia,Gamaleya - Gam-Covid-Vac,Moderna - Spikevax,Pfizer BioNTech - Comirnaty,SII - Covishield",44194,7,4 - Availability for all three plus partial additional availability (select broad groups/ages),Yes
ARM,0.17654076,1.8546817,,0,0.776,,13.612,,,,422.28268433,11301.099,167.55299,248.242,31.200001,21.768,9.3979998,,"AstraZeneca - Vaxzevria,Beijing CNBG - BBIBP-CorV,Gamaleya - Gam-Covid-Vac,Moderna - Spikevax,Sinovac - CoronaVac",44363,5,,Partial
ASM,,,,,,,,,,,,9.0579996,0,0,120.55,63.792999,56.34,,"Janssen - Ad26.COV 2-S,Moderna - Spikevax,Pfizer BioNTech - Comirnaty",44186,3,,
ATA,,,,0,,,,,,,,,,,,,,,,,,,
ATF,,,,,,,,,,,,,,,,,,,,,,,
ATG,0.070764318,1.2121038,,0,0.778,,1.405,,,,875.17254639,4222.4468,17.360001,110.284,117.929,62.075001,55.855,,"AstraZeneca - Vaxzevria,Beijing CNBG - BBIBP-CorV,Gamaleya - Gam-Covid-Vac,Janssen - Ad26.COV 2-S,Pfizer BioNTech - Comirnaty,SII - Covishield",44246,6,,No
AUS,0.018272767,0.1955269,0,,0.944,1,1610.556,,773231831,4703229757.98,5425.34033203,782.94897,35.561001,7.6389999,147.627,76.635002,69.942001,361690,"AstraZeneca - Vaxzevria,Novavax - Covavax,Pfizer BioNTech - Comirnaty",44248,3,5 - Universal availability,Yes
AUT,0.019482233,0.19915752,100,336289984,0.922,1,481.209,,5227200,1085695,5326.43701172,11996.937,1110.687,130.827,128.8,68.754997,63.846001,1372500,"AstraZeneca - Vaxzevria,Janssen - Ad26.COV 2-S,Moderna - Spikevax,Pfizer BioNTech - Comirnaty",44195,4,5 - Universal availability,Yes
AZE,0.17639615,4.7246914,0,297,0.756,0,52.645,,10000000,0,165.7674408,5669.0898,126.973,75.518997,91.599998,49.452,42.147999,740961,"AstraZeneca - Vaxzevria,Gamaleya - Gam-Covid-Vac,Pfizer BioNTech - Comirnaty,Sinovac - CoronaVac",44216,4,5 - Universal availability,Partial
BDI,3.6495159,41.722389,37.5,,0.433,0,3.193,,0,0,24.02547073,171.149,0.57999998,0.118,0.011,0.0070000002,0.003,,Beijing CNBG - BBIBP-CorV,44487,1,0 - No availability,Partial
BEL,0.021315789,0.2159301,75,411600000,0.931,1,581.848,,0,27427500,4912.70068359,14090.418,749.815,231.453,147.3,76.056999,74.806,1090889,"AstraZeneca - Vaxzevria,Janssen - Ad26.COV 2-S,Moderna - Spikevax,Pfizer BioNTech - Comirnaty",44195,4,5 - Universal availability,Yes
BEN,0.33938578,15.824657,50,0,0.545,0,18.067,,4500000,0,30.9390583,204.946,0.15700001,1.3279999,3.1630001,2.8,2.4560001,,"AstraZeneca - Vaxzevria,Janssen - Ad26.COV 2-S,Pfizer BioNTech - Comirnaty,SII - Covishield,Sinovac - CoronaVac",44284,5,5 - Universal availability,No
BES,,,,,,,,,,,,,,,28.441,22.034,11.41,,"Moderna - Spikevax,Pfizer BioNTech - Comirnaty",44249,2,,No
BFA,1.1441218,24.904688,0,0,0.452,0,19.932,,80000000,0,40.24945068,74.218002,1.115,1.268,2.0150001,1.813,1.478,,"Beijing CNBG - BBIBP-CorV,Janssen - Ad26.COV 2-S,SII - Covishield",44349,3,3 - Availability for ALL of following: key workers/ clinically vulnerable groups (non elderly) / elderly groups,Yes
BGD,0.23828456,11.682439,50,150000000,0.632,0,355.689,,501500000,0,41.9090576199999,956.125,1.025,16.976,52.367001,31.882999,20.483999,,"AstraZeneca - Vaxzevria,Beijing CNBG - BBIBP-CorV,Gamaleya - Gam-Covid-Vac,Janssen - Ad26.COV 2-S,Moderna - Spikevax,Pfizer BioNTech - Comirnaty,SII - Covishield,Sinovac - CoronaVac",44223,8,5 - Universal availability,Yes
BGR,0.069795467,1.1352282,87.5,124309616,0.815999999999999,1,77.907,,0,79094046.73,689.905395509999,9735.334,257.211,395.70001,43.599998,25.700001,23.362,13101,"AstraZeneca - Vaxzevria,Janssen - Ad26.COV 2-S,Moderna - Spikevax,Pfizer BioNTech - Comirnaty",44195,4,5 - Universal availability,Partial
BHR,0.049315318,1.067011,62.5,,0.852,0,39.104,,0,0,994.17901611,16303.777,10.285,81.924004,167.963,69.685997,67.789001,,"AstraZeneca - Vaxzevria,Beijing CNBG - BBIBP-CorV,Gamaleya - Gam-Covid-Vac,Gamaleya - Sputnik-Light,Janssen - Ad26.COV 2-S,Moderna - Spikevax,Pfizer BioNTech - Comirnaty,SII - Covishield",44139,8,5 - Universal availability,Partial
BHS,0.033984315,0.52687538,0,0,0.813999999999999,1,10.681,,0,1600000,2013.37927246,5763.5972,16.275,170.632,69.804001,37.949001,34.198002,,"AstraZeneca - Vaxzevria,Janssen - Ad26.COV 2-S,Pfizer BioNTech - Comirnaty,SII - Covishield",44269,4,5 - Universal availability,No
BIH,0.12047704,1.4515891,50,10015520,0.78,1,21.692,,0,9190000,539.54663086,8226.7363,144.933,375.181,47.400002,25.396999,21.965,,"AstraZeneca - AZD1222, Pfizer BioNTech - Comirnaty, Sinovac - CoronaVac, Gamaleya - Sputnik V",,4,4 - Availability for all three plus partial additional availability (select broad groups/ages),Yes
BLM,,,,,,,,,,,,16853.818,50.582001,40.465,,,,,,,,,
BLR,0.12138477,2.1984515,0,0,0.823,0,65.754,,0,0,356.25073242,6793.2822,133.851,52.542999,60.200001,34.495998,25.669001,,"Beijing CNBG - BBIBP-CorV,Gamaleya - Gam-Covid-Vac",44230,2,4 - Availability for all three plus partial additional availability (select broad groups/ages),No
BLZ,0.18416131,2.7385972,50,0,0.716,0,1.909,,12631000,0,285.98583984,7419.2461,151.39799,140.332,101.484,57.153999,47.986,,"AstraZeneca - Vaxzevria,Beijing CNBG - BBIBP-CorV,Janssen - Ad26.COV 2-S,Pfizer BioNTech - Comirnaty,SII - Covishield",44256,5,5 - Universal availability,Yes
BMU,,,75,,,0,,,0,0,,9191.7852,25.693001,170.218,144.27,72.927002,71.342003,5512,"AstraZeneca - Vaxzevria,Pfizer BioNTech - Comirnaty",44207,2,5 - Universal availability,Yes
BOL,0.13278921,2.1896451,25,0,0.718,0,38.547,,0,0,223.59788513,4535.981,51.409,163.351,70.829002,41.567001,34.499001,360843,"Beijing CNBG - BBIBP-CorV,Gamaleya - Gam-Covid-Vac,Janssen - Ad26.COV 2-S,Pfizer BioNTech - Comirnaty,SII - Covishield",44226,5,4 - Availability for all three plus partial additional availability (select broad groups/ages),No
BRA,0.11628541,0.92316157,25,0,0.765,1,1645.837,,0,148930783,848.388854979999,10358.175,27.902,288.23001,131.36,75.101997,58.522999,12107003,"AstraZeneca - Vaxzevria,Janssen - Ad26.COV 2-S,Pfizer BioNTech - Comirnaty,SII - Covishield,Sinovac - CoronaVac",44213,5,4 - Availability for all three plus partial additional availability (select broad groups/ages),Yes
BRB,0.060448773,0.91091406,50,0,0.813999999999999,0,4.648,,15000,0,1164.54455566,8280.1221,592.258,73.074997,99.401001,52.959999,46.439999,,"AstraZeneca - Vaxzevria,Beijing CNBG - BBIBP-CorV,Pfizer BioNTech - Comirnaty,SII - Covishield",44237,4,5 - Universal availability,Yes
BRN,0.038265333,1.3900229,0,0,0.838,0,15.686,,0,0,763.15289307,3344.1609,82.517998,13.029,156.847,86.431999,67.536003,,"AstraZeneca - Vaxzevria,Beijing CNBG - BBIBP-CorV,Janssen - Ad26.COV 2-S,Moderna - Spikevax,Pfizer BioNTech - Comirnaty",44289,5,5 - Universal availability,No
BTN,0.14364305,4.7654963,75,0,0.654,0,2.48,,100000,0,102.73851776,341.23499,1.0369999,0.389,148.799,76.244003,72.555,,"AstraZeneca - Vaxzevria,Beijing CNBG - BBIBP-CorV,Moderna - Spikevax,Pfizer BioNTech - Comirnaty,SII - Covishield",44282,5,5 - Universal availability,Yes
BVT,,,,,,,,,,,,,,,,,,,,,,,
BWA,0.10619193,1.6216561,0,21940000,0.735,0,17.605,,0,0,482.96307373,8277.333,22.24,102.737,40.187,40.187,31.618,,"Bharat - Covaxin,Janssen - Ad26.COV 2-S,Moderna - Spikevax,Pfizer BioNTech - Comirnaty,SII - Covishield,Sinovac - CoronaVac",44281,6,5 - Universal availability,Partial
CAF,1.8859974,18.679132,37.5,0,0.397,0,2.587,,0,0,53.6641616799999,242.41299,0.87,2.0910001,8.7480001,7.5009999,6.6669998,,"Bharat - Covaxin,SII - Covishield",44274,2,4 - Availability for all three plus partial additional availability (select broad groups/ages),Partial
CAN,0.022708874,0.21237652,37.5,,0.929,1,2015.983,,1179611478,9868273313.45,4994.90234375,4669.6699,32.158001,78.112,158.58299,79.808998,76.295998,1019783,"AstraZeneca - Vaxzevria,Janssen - Ad26.COV 2-S,Moderna - Spikevax,Pfizer BioNTech - Comirnaty,SII - Covishield",44179,5,5 - Universal availability,Yes
CCK,,,,,,,,,,,,,,,,,,,,,,,
CHE,0.011611662,0.10746998,37.5,589500032,0.955,1,810.83,,324650000,389260460,9870.6640625,10994.003,338.26999,126.626,128.2,67.261002,62.019001,,"Janssen - Ad26.COV 2-S,Moderna - Spikevax,Pfizer BioNTech - Comirnaty",44188,3,5 - Universal availability,Yes
CHL,0.072379947,0.72876769,0,,0.851,1,331.25,,12000000000,3435342491,1455.60791016,9129.9775,86.513,199.564,207.375,87.635002,82.933998,7893198,"AstraZeneca - Vaxzevria,CanSino - Convidecia,Pfizer BioNTech - Comirnaty,Sinovac - CoronaVac",44186,4,4 - Availability for all three plus partial additional availability (select broad groups/ages),Yes
CHN,0.068349726,1.5630882,62.5,0,0.761,1,16862.979,,334545124.72,2952723947.91999,501.05938721,8.6680002,0.016000001,0.38699999,158.888,78.511002,68.976997,65730000,"Anhui ZL - Recombinant,Beijing CNBG - BBIBP-CorV,CanSino - Convidecia,IMB - Inactivated,Pfizer BioNTech - Comirnaty,Shenzhen - LV-SMENP-DC,Sinovac - CoronaVac,Wuhan CNBG - Inactivated",44034,8,5 - Universal availability,Yes
CIV,0.18163259,,75,0,,0,68.845,,309921796.2,0,,233.491,0.303,2.665,14.579,10.12,4.46,,"Beijing CNBG - BBIBP-CorV,Gamaleya - Gam-Covid-Vac,Janssen - Ad26.COV 2-S,Pfizer BioNTech - Comirnaty,SII - Covishield",44256,5,4 - Availability for all three plus partial additional availability (select broad groups/ages),No
CMR,0.29268241,9.0433006,0,0,0.562999999999999,0,44.806,,0,0,54.13952637,400.02499,0,6.6680002,3.2390001,2.655,1.902,,"Beijing CNBG - BBIBP-CorV,Janssen - Ad26.COV 2-S,Pfizer BioNTech - Comirnaty,SII - Covishield",44298,4,5 - Universal availability,No
COD,1.8091317,54.151909,75,0,0.48,0,54.832,,0,0,18.51088905,64.792,0.252,1.233,0.18700001,0.139,0.052000001,,SII - Covishield,44305,1,1 - Availability for ONE of following: key workers/ clinically vulnerable groups (non elderly) / elderly groups,No
COG,0.24788126,10.303517,0,0,0.574,0,12.744,,0,0,47.5177536,341.36801,5.4000001,6.3249998,11.337,9,8.2150002,,"Beijing CNBG - BBIBP-CorV,Gamaleya - Gam-Covid-Vac,Moderna - Spikevax,SII - Covishield",44278,4,5 - Universal availability,Yes
COK,,1.779521,,0,,,,,,,596.11547852,0,0,0,138.61301,71.737999,66.762001,,Pfizer BioNTech - Comirnaty,44333,1,,
COL,0.14212315,1.5262336,62.5,0,0.767,0,300.791,,31600666,0,513.15869141,9920.9404,31.673,251.741,102.107,64.557999,45.181,,"AstraZeneca - Vaxzevria,Janssen - Ad26.COV 2-S,Moderna - Spikevax,Pfizer BioNTech - Comirnaty,Sinovac - CoronaVac",44244,5,5 - Universal availability,Yes
COM,0.32303014,7.5060067,,2415754,0.554,0,1.281,,0,0,65.22776031,512.534,6.5549998,17.249001,54.778,31.986,22.792,,"Beijing CNBG - BBIBP-CorV,Bharat - Covaxin,SII - Covishield",44296,3,0 - No availability,No
CPV,0.13143975,2.5126135,0,0,0.665,1,1.886,,0,40026836.76,194.85687256,6894.2261,5.756,62.771,97.108002,54.599998,42.507999,,"Beijing CNBG - BBIBP-CorV,Moderna - Spikevax,Pfizer BioNTech - Comirnaty,SII - Covishield",44273,4,5 - Universal availability,Yes
CRI,0.065206259,0.86096865,25,72000000,0.81,1,61.46,,1597691.5,40000000,909.6730957,11101.981,19.709,142.341,135.02,75.021004,59.492001,29847,"AstraZeneca - Vaxzevria,Pfizer BioNTech - Comirnaty",44189,2,5 - Universal availability,Yes
CUB,,0.79356611,37.5,0,0.783,0,,,0,0,986.93731689,8484.8105,17.462999,73.235001,244.927,89.265999,79.030998,,"CIGB - CIGB-66,Finlay - Soberana Plus,Finlay - Soberana-02",,3,5 - Universal availability,Partial
CUW,,,,0,,,,,,,,10555.6,58.502998,107.256,119.618,62.259998,57.358002,,"AstraZeneca - Vaxzevria,Moderna - Spikevax,Pfizer BioNTech - Comirnaty",44251,3,,No
CXR,,,,,,,,,,,,,,,,,,,,,,,
CYM,,,,,,,,,,,,8417.5293,2022.215,6.086,184.23599,87.581001,84.223999,,Pfizer BioNTech - Comirnaty,44211,1,,Partial
CYP,0.048151005,0.54277337,100,40.4000015258789,0.887,0,26.546,,0,0,1954.40686035,14706.111,287.49799,66.441002,133.2,68.726997,66.849998,72108,"AstraZeneca - Vaxzevria,Janssen - Ad26.COV 2-S,Moderna - Spikevax,Pfizer BioNTech - Comirnaty",44188,4,5 - Universal availability,Partial
CZE,0.040733367,,100,123200000,0.9,0,276.914,,2079966.77,0,,18871.146,1031.126,302.078,114.7,60.000999,57.862999,674428,"AstraZeneca - Vaxzevria,Janssen - Ad26.COV 2-S,Moderna - Spikevax,Pfizer BioNTech - Comirnaty",44188,4,5 - Universal availability,Yes
DEU,0.020580806,0.19385248,37.5,3196499968,0.947,1,4230.172,,3763342890,1861521162,5472.20214844,6530.1499,425.39499,119.559,133.60001,70.057999,67.544998,6641501,"AstraZeneca - Vaxzevria,Janssen - Ad26.COV 2-S,Moderna - Spikevax,Pfizer BioNTech - Comirnaty",44188,4,5 - Universal availability,Yes
DJI,0.12961569,6.9093075,12.5,0,0.524,0,3.654,,0,0,70.8609390299999,1366.498,0.50599998,18.826,9.4040003,7.4489999,5.6459999,,"Beijing CNBG - BBIBP-CorV,Gamaleya - Gam-Covid-Vac,Janssen - Ad26.COV 2-S,Pfizer BioNTech - Comirnaty,SII - Covishield,Sinovac - CoronaVac",44270,6,4 - Availability for all three plus partial additional availability (select broad groups/ages),Partial
DMA,0.098228835,1.5957025,0,0,0.742,0,0.571,,0,0,490.81829834,7837.0908,889,48.617001,76.584999,39.713001,36.870998,,"AstraZeneca - Vaxzevria,Beijing CNBG - BBIBP-CorV,Pfizer BioNTech - Comirnaty,SII - Covishield",44239,4,5 - Universal availability,No
DNK,0.016579874,0.17063527,0,214650000,0.939999999999999,1,396.666,,95666655,3000000,6216.76855469,7793.585,460.43399,48.362,152.3,77.265999,75.833,,"AstraZeneca - Vaxzevria,Janssen - Ad26.COV 2-S,Moderna - Spikevax,Pfizer BioNTech - Comirnaty",44181,4,5 - Universal availability,Yes
DOM,0.1038869,1.6969185,0,243699872,0.756,1,89.502,,0,748800,461.54251099,3719.0391,59.200001,38.625,125.895,63.029999,50.873001,1311914,"AstraZeneca - Vaxzevria,SII - Covishield,Sinovac - CoronaVac",44243,3,5 - Universal availability,Yes
DZA,0.1382398,1.913476,50,0,0.748,1,163.812,,0,1642713755,255.86943054,476.867,2.296,13.742,25.944,14.701,11.244,13167,"Beijing CNBG - BBIBP-CorV,Gamaleya - Gam-Covid-Vac,SII - Covishield,Sinovac - CoronaVac",44226,4,3 - Availability for ALL of following: key workers/ clinically vulnerable groups (non elderly) / elderly groups,Partial
ECU,0.13922884,1.5171003,75,256500000,0.759,0,104.483,,0,0,516.24798584,2972.0081,14.516,187.75101,134.48199,75.005997,60.577,275137,"AstraZeneca - Vaxzevria,CanSino - Convidecia,Pfizer BioNTech - Comirnaty,Sinovac - CoronaVac",44216,4,4 - Availability for all three plus partial additional availability (select broad groups/ages),Yes
EGY,0.13364628,3.8997853,75,0,0.707,0,396.328,,0,0,125.54537201,343.254,6.2150002,19.535,36.064999,23.110001,13.702,,"AstraZeneca - Vaxzevria,Beijing CNBG - BBIBP-CorV,Gamaleya - Gam-Covid-Vac,Janssen - Ad26.COV 2-S,Pfizer BioNTech - Comirnaty,Sinovac - CoronaVac",44220,6,3 - Availability for ALL of following: key workers/ clinically vulnerable groups (non elderly) / elderly groups,No
ERI,1.5612378,42.142387,0,,0.459,0,2.254,,0,0,23.78602791,202.683,3.5250001,1.551,,,,,,,,0 - No availability,No
ESH,,,,,,,,,,,,,,,,,,,,,,,
ESP,0.034184407,0.3876735,87.5,4357100032,0.904,1,1439.958,,0,26589481,2736.32324218999,10767.5,79.185997,185.563,47.200001,32.702999,15.046,3776118,"AstraZeneca - Vaxzevria,Janssen - Ad26.COV 2-S,Moderna - Spikevax,Pfizer BioNTech - Comirnaty",44195,4,5 - Universal availability,Yes
EST,0.04023654,0.68307877,0,85994464,0.892,0,36.039,,331000,0,1552.96875,16449.057,386.01099,131.981,113,61.131001,57.001999,,"AstraZeneca - Vaxzevria,Janssen - Ad26.COV 2-S,Moderna - Spikevax,Pfizer BioNTech - Comirnaty",44188,4,5 - Universal availability,Yes
ETH,1.2592554,41.376831,0,0,0.485,0,92.757,,0,0,24.2261180899999,322.13,1.177,5.822,5.033,2.4860001,2.5469999,,"Beijing CNBG - BBIBP-CorV,Bharat - Covaxin,Janssen - Ad26.COV 2-S,SII - Covishield",44268,4,4 - Availability for all three plus partial additional availability (select broad groups/ages),Partial
FIN,0.019380217,0.23491493,75,186530000,0.937999999999999,1,296.016,,9626908,5543828,4515.67724609,3231.0869,114.926,22.768,148.89999,77.070999,71.822998,,"AstraZeneca - Vaxzevria,Janssen - Ad26.COV 2-S,Moderna - Spikevax,Pfizer BioNTech - Comirnaty",44188,4,5 - Universal availability,Yes
FJI,0.16092022,3.6503668,75,0,0.743,0,4.639,,0,0,214.55378723,5852.897,4.3509998,77.528,134.84599,70.556999,64.288002,,"AstraZeneca - Vaxzevria,Moderna - Spikevax,SII - Covishield",44262,3,5 - Universal availability,No
FLK,,,,0,,,,,,,,2268.1599,0,0,126.529,75.567001,50.962002,,AstraZeneca - AZD1222,,1,,
FRA,0.023731999,0.22617988,25,40.4000015258789,0.901,1,2940.428,,1311754455,600266651.2,4690.07226563,11056.539,194.98801,178.506,143.39999,76.325996,68.580002,5598804,"AstraZeneca - Vaxzevria,Janssen - Ad26.COV 2-S,Moderna - Spikevax,Pfizer BioNTech - Comirnaty",44195,4,5 - Universal availability,Yes
FRO,,,0,0,,0,,,0,0,,6638.6982,568.914,24.556999,160.334,82.278,78.056,,"Moderna - mRNA-1273, Pfizer BioNTech - Comirnaty",,2,5 - Universal availability,Partial
FSM,0.1373519,1.1774416,,0,0.62,,0.404,,,,415.81680298,0,0,0,67.681,41.283001,36.425999,,"AstraZeneca - Vaxzevria,Janssen - Ad26.COV 2-S,Moderna - Spikevax,Pfizer BioNTech - Comirnaty",44209,4,,
GAB,0.10489772,3.5865963,50,0,0.703,0,18.293,,0,0,218.36860657,1669.472,16.669001,12.311,12.285,7.2690001,5.0149999,,"Beijing CNBG - BBIBP-CorV,Gamaleya - Gam-Covid-Vac,Pfizer BioNTech - Comirnaty",44278,3,5 - Universal availability,Partial
GBR,0.025217714,0.24581572,25,300000000,0.932,1,3108.416,,1567200601.3,16471269649.89,4315.42773438,14568.437,426.534,212.07899,161.3,74.320999,67.628998,15639477,"AstraZeneca - Vaxzevria,Moderna - Spikevax,Pfizer BioNTech - Comirnaty",44186,3,5 - Universal availability,
GEO,0.17879832,2.5042613,0,0,0.812,0,17.846,,0,0,312.746917719999,20535.123,703.57898,291.16299,47.700001,25.601,22.084,,"AstraZeneca - Vaxzevria,Beijing CNBG - BBIBP-CorV,Pfizer BioNTech - Comirnaty,Sinovac - CoronaVac",44272,4,5 - Universal availability,No
GGY,,,,,,,,,,,,5033.5049,735.24799,35.676998,161.429,,,,"Moderna - mRNA-1273, AstraZeneca - AZD1222, Pfizer BioNTech - Comirnaty",,3,,Partial
GHA,0.21145461,6.2840586,0,0,0.611,1,75.4869999999999,,0,200000000,77.91143036,421.03201,0.377,3.888,10.178,7.493,2.6849999,,"Gamaleya - Gam-Covid-Vac,SII - Covishield",44257,2,4 - Availability for all three plus partial additional availability (select broad groups/ages),Partial
GIB,,,,0,,,,,,,,20610.846,1136.802,290.879,283.18201,121.062,118.177,15681,Pfizer BioNTech - Comirnaty,,1,,Partial
GIN,0.86193353,26.160273,0,0,0.477,0,16.724,,0,0,38.31764221,234.12399,0.244,2.947,19.308001,12.511,6.7969999,,"Beijing CNBG - BBIBP-CorV,Gamaleya - Gam-Covid-Vac,Janssen - Ad26.COV 2-S,Pfizer BioNTech - Comirnaty,SII - Covishield,Sinovac - CoronaVac",44260,6,4 - Availability for all three plus partial additional availability (select broad groups/ages),Partial
GLP,,,,0,,,,,,,,13765.733,56.481998,205.686,66.602997,33.713001,31.254,,"AstraZeneca - Vaxzevria,Moderna - Spikevax,Pfizer BioNTech - Comirnaty",44204,5,,
GMB,1.2022154,45.243992,0,0,0.496,0,2.042,,0,0,22.1554279299999,413.29599,0.082999997,14.152,11.09,9.8000002,9.2229996,,"Beijing CNBG - BBIBP-CorV,SII - Covishield",44265,2,3 - Availability for ALL of following: key workers/ clinically vulnerable groups (non elderly) / elderly groups,Partial
GNB,1.2605247,18.808668,,0,0.48,,1.592,,,,53.2945747399999,326.931,1.626,7.4190001,18.474001,17.541,0.93300003,,"Beijing CNBG - BBIBP-CorV,SII - Covishield",44288,2,,Yes
GNQ,0.094570778,2.4918964,,0,0.592,,12.528,,,,314.29876709,964.94299,5.631,12.117,31.441,17.521999,13.918,,"Beijing CNBG - BBIBP-CorV,Sinovac - CoronaVac",44239,2,,Yes
GRC,0.050484803,0.67700559,87.5,163664992,0.888,1,211.645,,0,3242505,1566.89990234,8267.9629,442.065,162.56799,119.4,63.384998,60.641998,1003697,"AstraZeneca - Vaxzevria,Janssen - Ad26.COV 2-S,Moderna - Spikevax,Pfizer BioNTech - Comirnaty",44188,4,5 - Universal availability,Yes
GRD,0.078612737,1.6504655,,0,0.779,,1.083,,,,474.532806399999,5219.377,8.8870001,177.741,65.160004,35.297001,29.863001,,"AstraZeneca - Vaxzevria,Janssen - Ad26.COV 2-S,Pfizer BioNTech - Comirnaty,SII - Covishield",44242,4,,No
GRL,,,37.5,,,1,,,0,19012.1999999999,,2092.5811,262.453,0,136.30499,70.677002,65.626999,,Moderna - mRNA-1273,,1,5 - Universal availability,No
GTM,0.17451647,3.0167146,75,995544,0.663,0,83.305,,0,0,259.62017822,3426.584,21.534,88.415001,52.210999,31.468,20.743,,"AstraZeneca - Vaxzevria,Gamaleya - Gam-Covid-Vac,Moderna - Spikevax,Pfizer BioNTech - Comirnaty,SII - Covishield",44252,5,4 - Availability for all three plus partial additional availability (select broad groups/ages),Yes
GUF,,,,0,,,,,,,,15292.184,77.004997,108.142,55.250999,29.113001,25.375,,"Moderna - Spikevax,Pfizer BioNTech - Comirnaty",44209,2,,
GUM,,,0,0,,0,,,0,0,,8924.3076,49.178001,155.23599,154.172,79.059998,72.717003,,"Janssen - Ad26.COV 2-S,Moderna - Spikevax,Pfizer BioNTech - Comirnaty",44200,3,5 - Universal availability,
GUY,0.078736328,2.6499038,50,3800000,0.682,1,7.395,,0,3589867.22,295.55789185,4745.395,64.585999,124.086,83.939003,50.104,33.834999,,"AstraZeneca - Vaxzevria,Beijing CNBG - BBIBP-CorV,Gamaleya - Gam-Covid-Vac,Moderna - Spikevax,Pfizer BioNTech - Comirnaty,SII - Covishield",44238,6,5 - Universal availability,Partial
HKG,0.021807507,,75,,,1,369.722,,0,14322225,,,,,,,,,,,,5 - Universal availability,Yes
HMD,,,,,,,,,,,,,,,,,,,,,,,
HND,0.18487595,2.7779155,62.5,0,0.634,0,26.325,,309023.49,0,176.24726868,3810.55,4.5739999,104.88,79.926003,40.264,39.666,,"AstraZeneca - Vaxzevria,Gamaleya - Gam-Covid-Vac,Janssen - Ad26.COV 2-S,Moderna - Spikevax,Pfizer BioNTech - Comirnaty,SII - Covishield",44253,6,4 - Availability for all three plus partial additional availability (select broad groups/ages),Partial
HRV,0.066144206,1.0459245,62.5,68135800,0.851,1,63.399,,0,3292815,1014.22235107,14087.82,784.09802,255.68201,92.900002,50.527,45.856998,,"AstraZeneca - Vaxzevria,Janssen - Ad26.COV 2-S,Moderna - Spikevax,Pfizer BioNTech - Comirnaty",44188,4,5 - Universal availability,Partial
HTI,1.4198632,15.602557,25,0,0.51,0,20.143,,0,0,64.2458801299999,218.811,2.105,6.3060002,1.39,0.93800002,0.454,,"Janssen - Ad26.COV 2-S,Moderna - Spikevax",,2,5 - Universal availability,Yes
HUN,0.059666023,0.98058534,25,495877024,0.854,1,180.959,,0,19959700,1081.80285645,10565.661,676.06097,341.29599,117.8,60.868,58.683998,2043213,"AstraZeneca - Vaxzevria,Beijing CNBG - BBIBP-CorV,Gamaleya - Gam-Covid-Vac,Janssen - Ad26.COV 2-S,Moderna - Spikevax,Pfizer BioNTech - Comirnaty,Sinovac - CoronaVac",44188,7,5 - Universal availability,Partial
IDN,0.18353955,7.0130253,37.5,0,0.718,1,1150.245,,0,338558,111.67790985,1555.256,0.93900001,52.556,79.495003,48.139999,31.354,,"AstraZeneca - Vaxzevria,Beijing CNBG - BBIBP-CorV,Janssen - Ad26.COV 2-S,Moderna - Spikevax,Pfizer BioNTech - Comirnaty,Sinovac - CoronaVac",44209,6,4 - Availability for all three plus partial additional availability (select broad groups/ages),Yes
IMN,,,,0,,,,,,,,12524.697,416.314,77.617996,156.375,80.214996,76.161003,,"Moderna - mRNA-1273, AstraZeneca - AZD1222, Pfizer BioNTech - Comirnaty",,3,,Partial
IND,0.23841959,6.722086,25,844933312,0.645,1,2946.061,,1410000000,130205680,72.83453369,2501.9109,5.0780001,33.778999,82.331001,54.741001,27.59,,"Bharat - Covaxin,Gamaleya - Gam-Covid-Vac,Janssen - Ad26.COV 2-S,Moderna - Spikevax,SII - Covishield",44212,5,5 - Universal availability,Yes
IOT,,,,,,,,,,,,,,,,,,,,,,,
IRL,0.011448836,0.19325675,100,341918848,0.955,1,516.253,,12428000,19633914,5489.07080078,10768.465,636.28497,112.984,148.39999,77.268997,75.903,598037,"AstraZeneca - Vaxzevria,Janssen - Ad26.COV 2-S,Moderna - Spikevax,Pfizer BioNTech - Comirnaty",44195,4,5 - Universal availability,Yes
IRN,0.10093996,1.6172242,37.5,0,0.783,0,1081.383,,0,0,484.28659058,7242.1138,44.828999,153.647,116.886,66.240997,50.104,765235,"AstraZeneca - Vaxzevria,Beijing CNBG - BBIBP-CorV,Bharat - Covaxin,Finlay - Soberana-02,Gamaleya - Gam-Covid-Vac,Shifa - COVIran Barakat",44236,6,4 - Availability for all three plus partial additional availability (select broad groups/ages),Yes
IRQ,0.16050556,3.2713337,37.5,170000000,0.674,0,201.472,,0,0,239.41305542,5159.4219,12.858,58.887001,28.295,17.540001,10.755,,"AstraZeneca - Vaxzevria,Beijing CNBG - BBIBP-CorV,Gamaleya - Gam-Covid-Vac,Pfizer BioNTech - Comirnaty",44257,4,5 - Universal availability,Yes
ISL,0.016774699,0.16242704,100,15852500,0.949,0,25.476,,0,0,6530.93212891,4669.1602,286.70801,9.3369999,139.60001,77.782997,76.605003,111402,"AstraZeneca - Vaxzevria,Janssen - Ad26.COV 2-S,Moderna - Spikevax,Pfizer BioNTech - Comirnaty",44195,4,5 - Universal availability,Partial
ISR,0.022476146,0.31916711,75,1244999936,0.919,1,467.532,,0,141155058.19,3323.65063477,15496.397,39.235001,94.471001,138.39999,72.107002,66.330002,4056586,"AstraZeneca - Vaxzevria,Moderna - Spikevax,Pfizer BioNTech - Comirnaty",44181,3,5 - Universal availability,Yes
ITA,0.030373361,0.35490179,75,40.4000015258789,0.892,1,2120.232,,0,5953246,2988.99584961,8269.5645,112.055,223.41299,148.3,78.132004,72.658997,4673047,"AstraZeneca - Vaxzevria,Janssen - Ad26.COV 2-S,Moderna - Spikevax,Pfizer BioNTech - Comirnaty",44188,4,5 - Universal availability,Yes
JAM,0.1508705,2.4400554,0,22147704,0.734,1,14.857,,1200000,6000000000,320.97631836,3066.595,16.75,79.665001,36.053001,21.665001,16.507999,,"AstraZeneca - Vaxzevria,Janssen - Ad26.COV 2-S,Pfizer BioNTech - Comirnaty,SII - Covishield",44265,4,5 - Universal availability,Yes
JEY,,,,,,,,,,,,12091.358,705.96301,74.213997,166.504,73.608002,69.488998,,"Moderna - mRNA-1273, AstraZeneca - AZD1222, Pfizer BioNTech - Comirnaty",,3,,Yes
JOR,0.17812227,2.3723135,25,0,0.729,0,45.344,,0,0,330.14187622,9008.7324,231.39,111.505,76.903,40.051998,36.091,,"AstraZeneca - Vaxzevria,Beijing CNBG - BBIBP-CorV,Gamaleya - Gam-Covid-Vac,Janssen - Ad26.COV 2-S,Moderna - Spikevax,Pfizer BioNTech - Comirnaty",44209,6,5 - Universal availability,Yes
JPN,0.026290709,0.24862964,100,2808000000,0.919,1,5103.11,,840442222757.26,8269849765,4266.58691406,1365.094,0.75999999,14.508,153.13699,78.348999,74.788002,,"AstraZeneca - Vaxzevria,Moderna - Spikevax,Novavax - Covavax,Pfizer BioNTech - Comirnaty",44244,4,5 - Universal availability,Partial
KAZ,0.081375845,2.8391767,0,0,0.825,0,194.024,,6000000,0,275.85461426,5579.2261,42.201,94.276001,86.900002,45.375,41.534,,"Beijing CNBG - BBIBP-CorV,Gamaleya - Gam-Covid-Vac,Pfizer BioNTech - Comirnaty,RIBSP - QazVac,Sinovac - CoronaVac",44293,5,5 - Universal availability,Partial
KEN,0.24911222,5.5393844,50,0,0.601,0,109.491,,0,0,88.38527679,473.72501,0.77899998,9.9090004,11.9,7.4219999,4.4780002,,"Beijing CNBG - BBIBP-CorV,Janssen - Ad26.COV 2-S,Moderna - Spikevax,Pfizer BioNTech - Comirnaty,SII - Covishield",44260,5,4 - Availability for all three plus partial additional availability (select broad groups/ages),Yes
KGZ,0.3779723,5.7105479,75,0,0.697,0,8.15,,50861786,0,85.7360839799999,2804.2251,6.5139999,41.828999,28,15.622,12.356,,"AstraZeneca - Vaxzevria,Beijing CNBG - BBIBP-CorV,Gamaleya - Gam-Covid-Vac,Pfizer BioNTech - Comirnaty,RIBSP - QazVac",44286,5,5 - Universal availability,Yes
KHM,0.28674147,5.4065824,0,20000000,0.594,0,26.08,,0,0,90.5562820399999,717.17401,1.89,17.375,168.73599,84.010002,78.950996,2172258,"AstraZeneca - Vaxzevria,Beijing CNBG - BBIBP-CorV,Janssen - Ad26.COV 2-S,SII - Covishield,Sinovac - CoronaVac",44237,5,5 - Universal availability,Yes
KIR,0.26703545,2.4871986,25,0,0.63,0,0.232,,0,0,196.84797668,0,0,0,61.040001,48.324001,12.717,,"AstraZeneca - Vaxzevria,Beijing CNBG - BBIBP-CorV",44342,2,5 - Universal availability,
KNA,0.059271086,1.0687172,,223600,0.779,,0.976,,,,992.591796879999,5200.0298,31.959999,52.639,96.656998,50.479,46.178001,,"AstraZeneca - Vaxzevria,Pfizer BioNTech - Comirnaty,SII - Covishield",44249,3,,No
KOR,0.032486726,0.41717494,50,,,1,1823.852,,61600000,2398257367,2542.81811523,821.05798,41.660999,6.4910002,157.14301,81.843002,78.212997,2102455,"AstraZeneca - Vaxzevria,Janssen - Ad26.COV 2-S,Moderna - Spikevax,Novavax - Covavax,Pfizer BioNTech - Comirnaty",44253,5,5 - Universal availability,Yes
KWT,0.039009843,0.61990738,37.5,121844856,0.806,0,132.266,,60000000,0,1711.22338867,9674.7021,3.0680001,57.696999,62.476002,,,,"AstraZeneca - Vaxzevria,Beijing CNBG - BBIBP-CorV,Janssen - Ad26.COV 2-S,Moderna - Spikevax,Pfizer BioNTech - Comirnaty",44193,5,5 - Universal availability,No
LAO,0.18486233,8.5726357,87.5,0,0.613,0,19.375,,0,0,57.11195755,868.09802,111.895,1.8279999,74.290001,47.750999,40.040001,,"AstraZeneca - Vaxzevria,Beijing CNBG - BBIBP-CorV,Gamaleya - Gam-Covid-Vac,Gamaleya - Sputnik-Light,Janssen - Ad26.COV 2-S,Pfizer BioNTech - Comirnaty,SII - Covishield,Sinovac - CoronaVac",44160,8,4 - Availability for all three plus partial additional availability (select broad groups/ages),No
LBN,,1.140913,50,18000000,0.744,0,n/a,,34000000,0,686.467773439999,9669.1133,102.47,126.805,55.998001,29.306,25.666,,"AstraZeneca - Vaxzevria,Beijing CNBG - BBIBP-CorV,Gamaleya - Gam-Covid-Vac,Pfizer BioNTech - Comirnaty",44241,4,4 - Availability for all three plus partial additional availability (select broad groups/ages),Partial
LBR,1.6301657,22.067251,0,0,0.48,0,3.384,,57500000,0,45.42477798,115.053,0.02,5.6750002,11.658,9.7679996,9.0279999,,SII - Covishield,44287,1,4 - Availability for all three plus partial additional availability (select broad groups/ages),Yes
LBY,0.16946159,,50,0,0.724,1,27.3,,0,9408000,,5361.3208,45.916,78.442001,32.514,23.848,8.6660004,,"AstraZeneca - Vaxzevria,Beijing CNBG - BBIBP-CorV,Gamaleya - Gam-Covid-Vac,Janssen - Ad26.COV 2-S,Moderna - Spikevax,Pfizer BioNTech - Comirnaty,Sinovac - CoronaVac",44297,7,4 - Availability for all three plus partial additional availability (select broad groups/ages),No
LCA,0.074247926,1.6853553,,0,0.759,,1.715,,,,464.70913696,7027.2891,36.487,151.394,53.812,29.038,24.391001,,"AstraZeneca - Vaxzevria,Pfizer BioNTech - Comirnaty,SII - Covishield",44244,3,,Yes
LIE,,,0,,0.919,0,,,0,0,,11151.831,776.83398,149.689,128.198,66.013,64.071999,,"Moderna - mRNA-1273, Pfizer BioNTech - Comirnaty",,2,4 - Availability for all three plus partial additional availability (select broad groups/ages),Partial
LKA,0.12094141,3.1092455,50,122150000,0.782,1,80.785,,135448000,52500000,157.46585083,2602.8789,20.393999,66.117996,138.09399,74.196999,63.896999,,"AstraZeneca - Vaxzevria,Beijing CNBG - BBIBP-CorV,Gamaleya - Gam-Covid-Vac,Moderna - Spikevax,Pfizer BioNTech - Comirnaty,SII - Covishield",44225,6,5 - Universal availability,No
LSO,0.49357486,3.9234016,0,3527040,0.527,0,2.478,,0,0,124.78967285,1014.401,1.587,30.902,28.833,27.160999,26.714001,,"Beijing CNBG - BBIBP-CorV,Janssen - Ad26.COV 2-S,SII - Covishield",44265,3,5 - Universal availability,No
LTU,0.046085447,0.84914637,100,68332000,0.882,1,62.635,,331253.5,4732093.5,1249.25463867,16402.406,435.849,235.425,118.4,64.995003,61.466999,228523,"AstraZeneca - Vaxzevria,Janssen - Ad26.COV 2-S,Moderna - Spikevax,Pfizer BioNTech - Comirnaty",44188,4,5 - Universal availability,Yes
LUX,0.008260482,0.17035261,25,18551292,0.916,0,83.771,,220507,0,6227.08398437999,13837.389,302.983,137.67599,127.9,68.668999,65.503998,48274,"AstraZeneca - Vaxzevria,Janssen - Ad26.COV 2-S,Moderna - Spikevax,Pfizer BioNTech - Comirnaty",44195,4,5 - Universal availability,Yes
LVA,0.052490439,0.96305692,50,38386184,0.866,0,37.199,,0,0,1101.49255371,12919.654,298.95001,207.94901,105.9,62.147999,56.212002,,"AstraZeneca - Vaxzevria,Janssen - Ad26.COV 2-S,Moderna - Spikevax,Pfizer BioNTech - Comirnaty",44195,4,5 - Universal availability,Yes
MAC,0.020858224,,50,,,1,29.223,,0,52610000,,,,,,,,,,,,4 - Availability for all three plus partial additional availability (select broad groups/ages),
MAF,,,,0,,,,,,,,,,,,,,,,,,,
MAR,0.14600092,2.8012064,12.5,6000000,0.686,0,126.035,,0,0,174.78184509,2571.0149,1.91,39.999001,131.709,66.334,61.298,,"AstraZeneca - Vaxzevria,Beijing CNBG - BBIBP-CorV,Gamaleya - Gam-Covid-Vac,Janssen - Ad26.COV 2-S,Pfizer BioNTech - Comirnaty",44224,5,4 - Availability for all three plus partial additional availability (select broad groups/ages),Yes
MCO,,0.35735214,50,,,1,,,0,1224000,2968.50048827999,9089.2881,206.401,91.734001,127.4,67.964996,59.393002,,Pfizer BioNTech - Comirnaty,44377,1,5 - Universal availability,No
MDA,0.16863288,2.2989111,37.5,0,0.75,1,12.396,,584057000,14723949,212.97038269,8895.8916,125.906,219.858,38.900002,23.521999,22.365,,"AstraZeneca - Vaxzevria,Beijing CNBG - BBIBP-CorV,Gamaleya - Gam-Covid-Vac,Janssen - Ad26.COV 2-S,Pfizer BioNTech - Comirnaty,Sinovac - CoronaVac",44258,6,3 - Availability for ALL of following: key workers/ clinically vulnerable groups (non elderly) / elderly groups,Yes
MDG,1.770699,45.460823,0,0,0.528,0,14.101,,0,0,22.0497551,159.15601,1.4450001,3.4920001,2.26,1.711,1.536,,"Beijing CNBG - BBIBP-CorV,Janssen - Ad26.COV 2-S,SII - Covishield",44326,3,5 - Universal availability,No
MDV,0.07759393,0.80448925,,0,0.74,,4.573,,,,973.53692627,16801.777,130.239,45.880001,139.91901,73.098,66.820999,6722,"AstraZeneca - Vaxzevria,Beijing CNBG - BBIBP-CorV,Gamaleya - Gam-Covid-Vac,Janssen - Ad26.COV 2-S,Moderna - Spikevax,Pfizer BioNTech - Comirnaty,SII - Covishield,Sinovac - CoronaVac",44228,8,,Yes
MEX,0.0922589,1.5072974,25,0,0.779,0,1285.518,,0,0,519.60546875,2996.416,13.673,226.84,101.018,58.617001,49.397999,,"AstraZeneca - Vaxzevria,CanSino - Convidecia,Gamaleya - Gam-Covid-Vac,Janssen - Ad26.COV 2-S,Moderna - Spikevax,Pfizer BioNTech - Comirnaty,Sinovac - CoronaVac",44189,7,5 - Universal availability,Yes
MHL,0.20333658,1.2179155,,0,0.704,,0.241,,,,643.06591797,6.757,0,0,74.714996,41.609001,36.330002,,"Janssen - Ad26.COV 2-S,Moderna - Spikevax,Pfizer BioNTech - Comirnaty",44194,3,,
MKD,0.11323409,1.9624298,,0,0.774,,13.885,,,,399.09707642,10193.772,140.44501,357.54401,76.199997,38.974998,37.453999,63137,"AstraZeneca - Vaxzevria,Beijing CNBG - BBIBP-CorV,Gamaleya - Gam-Covid-Vac,Pfizer BioNTech - Comirnaty,Sinovac - CoronaVac,Wuhan CNBG - Inactivated",44244,6,,Yes
MLI,1.009872,28.679611,0,0,0.434,0,19.563,,0,0,34.95166016,83.768997,1.402,2.9330001,3.1010001,2.4319999,1.39,,SII - Covishield,44286,1,4 - Availability for all three plus partial additional availability (select broad groups/ages),Partial
MLT,0.028668415,0.38525358,62.5,19488000,0.895,0,16.695,,0,0,2753.51098633,7535.1172,100.279,90.172997,157.3,82.185997,81.194,99506,"AstraZeneca - Vaxzevria,Janssen - Ad26.COV 2-S,Moderna - Spikevax,Pfizer BioNTech - Comirnaty",44188,4,5 - Universal availability,Partial
MMR,0.34519041,8.2694244,75,0,0.583,0,66.7399999999999,,194638.87,0,59.2060546899999,952.90002,6.901,34.983002,44.576,27.004,17.572001,,"Beijing CNBG - BBIBP-CorV,SII - Covishield",44223,2,4 - Availability for all three plus partial additional availability (select broad groups/ages),Yes
MNE,0.086207181,1.0707035,,924099,0.829,,5.494,,,,731.48168945,24673.996,409.354,357.44901,77.099998,41.581001,36.264999,,"AstraZeneca - Vaxzevria,Beijing CNBG - BBIBP-CorV,Gamaleya - Gam-Covid-Vac,Pfizer BioNTech - Comirnaty",44251,4,,Partial
MNG,0.11364807,3.1568019,50,0,0.737,1,14.28,,0,7827300,155.09367371,11420.161,26.629999,56.005001,149.44099,68.861,65.413002,,"AstraZeneca - Vaxzevria,Beijing CNBG - BBIBP-CorV,Gamaleya - Gam-Covid-Vac,Moderna - Spikevax,Pfizer BioNTech - Comirnaty,SII - Covishield",44250,6,4 - Availability for all three plus partial additional availability (select broad groups/ages),Partial
MNP,,,,,,,,,,,,,,,134.67,65.578003,62.019001,,"Janssen - Ad26.COV 2-S,Moderna - Spikevax,Pfizer BioNTech - Comirnaty",44184,3,,
MOZ,2.2154186,24.895741,0,0,0.456,0,15.833,,30000000,0,40.2639160199999,484.69,0.192,6.2010002,28.447001,18.938,9.5089998,,"Beijing CNBG - BBIBP-CorV,Janssen - Ad26.COV 2-S,SII - Covishield",44263,3,4 - Availability for all three plus partial additional availability (select broad groups/ages),Partial
MRT,0.30136001,8.9851809,0,0,0.546,0,9.164,,0,0,54.48972321,832.29797,10.99,17.657,37.118999,22.676001,14.442,,"Beijing CNBG - BBIBP-CorV,SII - Covishield",44281,2,4 - Availability for all three plus partial additional availability (select broad groups/ages),Partial
MSR,,,,0,,,,,,,,880.17603,60.012001,20.004,58.992001,30.506001,28.466,,AstraZeneca - Vaxzevria,44235,1,,
MTQ,,,,0,,,,,,,,11889.731,174.81,187.601,71.348999,35.858002,33.370998,,Pfizer BioNTech - Comirnaty,,1,,
MUS,0.11058118,1.623639,100,4406111,0.804,0,10.998,,50000,0,653.347229,1492.332,0,18.871,143.69,71.850998,69.078003,,"Beijing CNBG - BBIBP-CorV,Bharat - Covaxin,SII - Covishield",44222,3,5 - Universal availability,No
MWI,2.2475233,28.238037,0,0,0.483,1,12.15,,40000000,37000000,35.49821854,323.383,0.093999997,12.044,7.1900001,5.421,3.0699999,,"Janssen - Ad26.COV 2-S,SII - Covishield",44266,2,5 - Universal availability,Yes
MYS,0.066662237,1.8332602,75,782400000,0.81,0,371.114,,0,0,427.21704102,8006.8159,123.692,92.885002,156.879,78.364998,75.846001,1519150,"AstraZeneca - Vaxzevria,CanSino - Convidecia,Gamaleya - Gam-Covid-Vac,Pfizer BioNTech - Comirnaty,Sinovac - CoronaVac",44251,5,5 - Universal availability,Partial
MYT,,,,,,,,,,,,7646.207,25.658001,67.811996,,,,,,,,,
NAM,0.17324327,1.6611321,50,0,0.646,1,12.213,,0,1626240,471.48568726,5081.064,1.771,140.46201,22.579,13.861,11.455,,"Beijing CNBG - BBIBP-CorV,Janssen - Ad26.COV 2-S,Pfizer BioNTech - Comirnaty,SII - Covishield",44274,4,3 - Availability for ALL of following: key workers/ clinically vulnerable groups (non elderly) / elderly groups,No
NCL,,,,0,,,,,,,,4171.3081,101.227,96.672997,120.073,62.417,57.655998,,"Janssen - Ad26.COV 2-S,Pfizer BioNTech - Comirnaty",44216,2,,No
NER,1.7017134,33.018673,0,0,0.394,0,15.637,,0,0,30.35857964,28.302,0.611,1.016,3.9779999,2.0910001,1.888,,"Beijing CNBG - BBIBP-CorV,SII - Covishield",44284,2,5 - Universal availability,No
NFK,,,,0,,,,,,,,,,,,,,,,,,,
NGA,0.21617152,5.8457246,0,0,0.539,1,480.482,,34000000000,298500000,83.75351715,103.614,0.2,1.443,4.5999999,2.9489999,1.651,,SII - Covishield,44260,1,5 - Universal availability,Yes
NIC,0.27104977,2.8175805,0,0,0.66,1,13.397,,0,100000000,173.76611328,199.89301,1.3890001,3.1849999,25.283001,18.858,7.4629998,,"AstraZeneca - Vaxzevria,CIGB - CIGB-66,Finlay - Soberana-02,Gamaleya - Gam-Covid-Vac,Gamaleya - Sputnik-Light,Janssen - Ad26.COV 2-S,Pfizer BioNTech - Comirnaty,SII - Covishield",44257,8,3 - Availability for ALL of following: key workers/ clinically vulnerable groups (non elderly) / elderly groups,No
NIU,,,,,,,,,,,1556.2660569,0,0,0,145.36501,74.289001,71.074997,,Pfizer BioNTech - Comirnaty,44355,1,,
NLD,0.018073473,0.19990447,50,880129984,0.944,1,1007.562,,540164027.7,261627134.64,5306.53466797,14162.148,868.56403,109.119,131.39999,71.345001,64.938004,,"AstraZeneca - Vaxzevria,Janssen - Ad26.COV 2-S,Moderna - Spikevax,Pfizer BioNTech - Comirnaty",44202,4,5 - Universal availability,Yes
NOR,0.013883305,0.12875199,37.5,32045040,0.957,1,445.507,,233438898.7,694263420,8239.09570312999,4550.915,271.258,18.686001,148.89999,78.625999,70.417999,377380,"AstraZeneca - Vaxzevria,Janssen - Ad26.COV 2-S,Moderna - Spikevax,Pfizer BioNTech - Comirnaty",44188,4,5 - Universal availability,Yes
NPL,0.41900316,8.4637699,37.5,0,0.602,0,34.265,,1000000,0,57.8465614299999,2813.2771,6.9569998,39.5,56.752998,30.587,26.166,,"AstraZeneca - Vaxzevria,Beijing CNBG - BBIBP-CorV,Bharat - Covaxin,Gamaleya - Gam-Covid-Vac,Janssen - Ad26.COV 2-S,SII - Covishield",44223,6,5 - Universal availability,Yes
NRU,0.088405438,1.0983633,,0,,,0.133,,,,965.80072021,0,0,0,136.515,70.260002,66.253998,,"AstraZeneca - Vaxzevria,SII - Covishield",44295,2,,
NZL,0.024168922,0.26273927,75,,0.931,1,247.64,,0,23870000,4037.46289063,207.89101,26.938,0.829,148.692,78.517998,70.174004,,"AstraZeneca - Vaxzevria,Janssen - Ad26.COV 2-S,Novavax - Covavax,Pfizer BioNTech - Comirnaty",44246,4,5 - Universal availability,Yes
OMN,0.082953379,1.5640688,0,41092800,0.812999999999999,0,80.611,,0,0,678.23101807,5962.8218,1.214,80.542,103.237,58.013,45.223999,,"AstraZeneca - Vaxzevria,Gamaleya - Gam-Covid-Vac,Pfizer BioNTech - Comirnaty,SII - Covishield,Sinovac - CoronaVac",44194,5,5 - Universal availability,No
PAK,,11.419739,25,0,0.557,1,n/a,,363749935.5,300000000,42.87313461,580.461,1.049,12.976,54.269001,35.694,22.174999,,"Beijing CNBG - BBIBP-CorV,Bharat - Covaxin,CanSino - Convidecia,Gamaleya - Gam-Covid-Vac,Moderna - Spikevax,Pfizer BioNTech - Comirnaty,SII - Covishield,Sinovac - CoronaVac",44230,8,5 - Universal availability,Yes
PAN,0.072885014,0.93738389,25,28300000,0.814999999999999,0,60.121,,0,0,1131.66015625,11031.812,31.889999,170.41499,137.77,71.116997,63.240002,151963,"AstraZeneca - Vaxzevria,Pfizer BioNTech - Comirnaty",44216,2,4 - Availability for all three plus partial additional availability (select broad groups/ages),Yes
PCN,,,,,,,,,,,,,,,148,74,74,,AstraZeneca - Vaxzevria,44333,1,,
PER,0.12254155,2.1220419,50,0,0.777,1,225.858,,0,23757005,369.07846069,6746.1899,29.725,609.20398,117.66,65.189003,51.213001,437435,"AstraZeneca - Vaxzevria,Beijing CNBG - BBIBP-CorV,Pfizer BioNTech - Comirnaty",44236,3,5 - Universal availability,Yes
PHL,0.1346889,3.5857935,0,0,0.718,1,385.737,,0,1857847000,136.53881836,2579.6909,7.6300001,43.153,61.796001,36.974998,28.111,,"AstraZeneca - Vaxzevria,Beijing CNBG - BBIBP-CorV,Bharat - Covaxin,Gamaleya - Gam-Covid-Vac,Janssen - Ad26.COV 2-S,Julphar - Hayat-Vax,Moderna - Spikevax,Novavax - Covavax,Pfizer BioNTech - Comirnaty,Sinovac - CoronaVac",44256,10,5 - Universal availability,Yes
PLW,0.081668057,0.61550766,,,0.826,,0.208,,,,1723.45532227,44.217999,0,0,183.89301,98.900002,86.363998,,"Janssen - Ad26.COV 2-S,Moderna - Spikevax,Pfizer BioNTech - Comirnaty",44199,3,,
PNG,0.18826941,7.677846,25,0,0.555,0,26.461,,0,0,63.7678833,386.77701,18.107,5.9130001,3.7679999,2.8469999,2.026,,"AstraZeneca - Vaxzevria,Beijing CNBG - BBIBP-CorV,Janssen - Ad26.COV 2-S,SII - Covishield",44285,4,5 - Universal availability,No
POL,0.063234746,1.0838473,100,934328000,0.88,1,655.332,,0,518361020,978.735656739999,8898.4824,387.30801,213.994,101.3,54.141998,53.178001,2206886,"AstraZeneca - Vaxzevria,Janssen - Ad26.COV 2-S,Moderna - Spikevax,Pfizer BioNTech - Comirnaty",44188,4,5 - Universal availability,Partial
PRI,0.031640958,,0,0,,0,106.576,,0,0,,6553.2202,30.341,114.057,194.819,105.482,83.081001,,"Janssen - Ad26.COV 2-S,Moderna - Spikevax,Pfizer BioNTech - Comirnaty",,3,5 - Universal availability,
PRK,,,,0,0.916,,,,,,,0,0,0,,,,,,,,,No
PRT,0.042079192,0.47887895,75,,0.864,1,251.709,,0,242461000,2215.17358398,10914.607,148.564,178.119,158.39999,87.958,81.371002,,"AstraZeneca - Vaxzevria,Janssen - Ad26.COV 2-S,Moderna - Spikevax,Pfizer BioNTech - Comirnaty",44188,4,5 - Universal availability,Yes
PRY,0.14590324,1.9560795,0,0,0.728,1,36.973,,0,7000000,400.392730709999,6481.3252,4.5710001,229.371,83.026001,45.979,35.862999,84487,"AstraZeneca - Vaxzevria,Beijing CNBG - BBIBP-CorV,Bharat - Covaxin,Gamaleya - Gam-Covid-Vac,Julphar - Hayat-Vax,Moderna - Spikevax,Pfizer BioNTech - Comirnaty,Sinovac - CoronaVac",44249,8,4 - Availability for all three plus partial additional availability (select broad groups/ages),Yes
PSE,,,0,0,0.708,0,,,1000000,0,,,,,58.308998,36.973999,26.261999,2779,"AstraZeneca - Vaxzevria,Beijing CNBG - BBIBP-CorV,Gamaleya - Gam-Covid-Vac,Gamaleya - Sputnik-Light,Janssen - Ad26.COV 2-S,Moderna - Spikevax,Pfizer BioNTech - Comirnaty,Sinovac - CoronaVac",44229,8,4 - Availability for all three plus partial additional availability (select broad groups/ages),Yes
PYF,,,,0,,,,,,,,16236.277,2.848,226.409,109.12,56.723999,52.396,,"Janssen - Ad26.COV 2-S,Pfizer BioNTech - Comirnaty",44214,2,,Partial
QAT,0.019645233,0.61808634,50,,0.848,0,169.184,,0,0,1716.26513672,8407.6201,34.570999,21.208,170.842,,,,"AstraZeneca - Vaxzevria,Janssen - Ad26.COV 2-S,Moderna - Spikevax,Pfizer BioNTech - Comirnaty",44188,4,5 - Universal availability,Partial
REU,,,,0,,,,,,,,6385.8188,146.09399,42.332001,,,,,,,,,
ROU,0.070514061,1.5435332,62.5,,0.828,1,287.279,,0,808365.179999999,687.25439453,9127.5586,102.495,285.134,65.599998,38.84,35.523998,,"AstraZeneca - Vaxzevria,Janssen - Ad26.COV 2-S,Moderna - Spikevax,Pfizer BioNTech - Comirnaty",44223,4,5 - Universal availability,Yes
RUS,0.072146468,1.2860234,75,,0.824,1,1647.568,,1000000,312789295,609.00915527,6441.8198,174.683,182.67,78.099998,41.912998,35.076,3503150,"SRCVB - EpiVacCorona, Gamaleya - Sputnik V",,2,5 - Universal availability,No
RWA,1.2224174,17.191313,0,0,0.543,0,10.395,,0,0,58.30852127,773.85999,0.64899999,10.353,59.125999,39.076,21.433001,,"Beijing CNBG - BBIBP-CorV,Gamaleya - Gam-Covid-Vac,Janssen - Ad26.COV 2-S,Moderna - Spikevax,Pfizer BioNTech - Comirnaty,SII - Covishield,Sinovac - CoronaVac",44260,7,4 - Availability for all three plus partial additional availability (select broad groups/ages),Yes
SAU,0.050212651,0.71453911,0,157464000,0.854,1,842.588,,525000000,510000000,1484.59338379,1578.446,0.741,25.351999,135.23199,70.412003,63.867001,,"AstraZeneca - Vaxzevria,Janssen - Ad26.COV 2-S,Moderna - Spikevax,Pfizer BioNTech - Comirnaty",44202,4,5 - Universal availability,Partial
SDN,1.3534458,16.658175,0,0,0.51,1,35.919,,0,100000000,60.1746597299999,95.531998,1.229,7.1020002,6.1529999,5.1810002,2.312,,"Beijing CNBG - BBIBP-CorV,Janssen - Ad26.COV 2-S,Pfizer BioNTech - Comirnaty,SII - Covishield,Sinovac - CoronaVac",44264,5,4 - Availability for all three plus partial additional availability (select broad groups/ages),No
SEN,0.2917065,8.3118849,0,3070000,0.512,1,27.576,,0,3800000,58.90360641,441.76599,0.090000004,11.246,11.366,7.862,5.4850001,,"Beijing CNBG - BBIBP-CorV,Janssen - Ad26.COV 2-S,SII - Covishield",44250,3,4 - Availability for all three plus partial additional availability (select broad groups/ages),Partial
SGP,0.017118987,0.37568551,100,99,0.937999999999999,0,378.645,,0,0,2823.63818359,4335.627,245.746,11.401,159.40401,80.167999,79.236,745102,"AstraZeneca - Vaxzevria,Beijing CNBG - BBIBP-CorV,Moderna - Spikevax,Pfizer BioNTech - Comirnaty",44195,4,5 - Universal availability,Partial
SGS,,,,,,,,,,,,,,,,,,,,,,,
SHN,,,,0,,,,,,,,0,0,0,129.995,71.833,58.161999,,AstraZeneca - AZD1222,,1,,
SJM,,,,,,,,,,,,,,,,,,,,,,,
SLB,0.20077342,5.1556497,0,0,0.566999999999999,0,1.649,,0,0,94.96378326,2.9119999,0,0,28.216999,21.951,6.2659998,,"AstraZeneca - Vaxzevria,Beijing CNBG - BBIBP-CorV,SII - Covishield",44278,3,5 - Universal availability,
SLE,2.0812414,11.686323,0,0,0.452,0,4.407,,0,0,85.7754821799999,80.231003,0,1.517,9.3369999,7.5669999,3.7939999,,"Beijing CNBG - BBIBP-CorV,SII - Covishield",44270,2,4 - Availability for all three plus partial additional availability (select broad groups/ages),Partial
SLV,0.12109686,1.696951,0,0,0.673,0,27.665,,0,0,288.51745605,1819.8781,0,57.908001,137.724,67.557999,61.564999,637969,"AstraZeneca - Vaxzevria,Beijing CNBG - BBIBP-CorV,Moderna - Spikevax,Pfizer BioNTech - Comirnaty,SII - Covishield,Sinovac - CoronaVac",44244,6,5 - Universal availability,Partial
SMR,0.023763319,0.30626202,75,0,,0,1.728,,0,0,3463.70068359,17187.225,433.14301,274.02899,140.3,73.387001,64.827003,,"Gamaleya - Gam-Covid-Vac,Pfizer BioNTech - Comirnaty",44251,2,5 - Universal availability,No
SOM,2.9694991,,25,0,,0,5.424,,0,0,,144.521,0.83099997,8.3310003,7.1690001,4.27,4.4450002,,"Beijing CNBG - BBIBP-CorV,Janssen - Ad26.COV 2-S,SII - Covishield,Sinovac - CoronaVac",44271,4,3 - Availability for ALL of following: key workers/ clinically vulnerable groups (non elderly) / elderly groups,Partial
SPM,,,,0,,,,,,,,862.81299,293.35599,0,,,,,,,,,
SRB,0.1173111,1.2691898,75,0,0.806,0,60.669,,0,0,617.08654785,17841.498,305.74399,162.862,90.199997,46.199001,44.002998,1391677,"AstraZeneca - Vaxzevria,Beijing CNBG - BBIBP-CorV,Gamaleya - Gam-Covid-Vac,Pfizer BioNTech - Comirnaty",44188,4,5 - Universal availability,Partial
SSD,2.4525888,37.422726,25,0,0.433,0,3.263,,0,0,26.78586388,113.313,0.83999997,1.188,1.775,0.75800002,1.018,,"Janssen - Ad26.COV 2-S,SII - Covishield",44292,2,4 - Availability for all three plus partial additional availability (select broad groups/ages),Partial
STP,0.22542274,3.9042938,,0,0.625,,0.534,,,,125.40039825,1702.417,0,25.552,52.132,37.533001,14.599,,"AstraZeneca - Vaxzevria,SII - Covishield",44270,2,,
SUR,0.15264177,1.6518797,0,750000,0.738,0,2.817,,0,0,474.126556399999,8602.3271,65.799004,196.375,79.823997,43.463001,36.361,,"AstraZeneca - Vaxzevria,Beijing CNBG - BBIBP-CorV,Moderna - Spikevax,Pfizer BioNTech - Comirnaty,SII - Covishield",44250,5,5 - Universal availability,No
SVK,0.049048427,0.81605566,100,148162816,0.86,0,116.748,,0,0,1299.91137695,11385.809,944.63501,256.23499,89.800003,46.667999,45.235001,,"AstraZeneca - Vaxzevria,Gamaleya - Gam-Covid-Vac,Janssen - Ad26.COV 2-S,Moderna - Spikevax,Pfizer BioNTech - Comirnaty",44202,5,5 - Universal availability,Yes
SVN,0.037079968,0.48894277,75,70492800,0.917,1,60.89,,0,16367576.52,2169.57910156,19184.621,1054.412,257.93701,104.7,57.259998,53.985001,,"AstraZeneca - Vaxzevria,Janssen - Ad26.COV 2-S,Moderna - Spikevax,Pfizer BioNTech - Comirnaty",44188,4,4 - Availability for all three plus partial additional availability (select broad groups/ages),Yes
SWE,0.017506259,0.17734072,25,274402400,0.945,1,622.365,,143528042.22,9900000,5981.70605469,11538.114,68.748001,146.15199,137.8,70.389999,67.455002,,"AstraZeneca - Vaxzevria,Moderna - Spikevax,Pfizer BioNTech - Comirnaty",44188,3,5 - Universal availability,Yes
SWZ,0.13488869,1.8057088,0,0,0.611,1,4.517,,40000000,13640045.16,271.14007568,4007.2781,1.638,107.571,25.285,23.216999,22.296,,"Janssen - Ad26.COV 2-S,Pfizer BioNTech - Comirnaty,SII - Covishield",44274,3,5 - Universal availability,Yes
SXM,,,,,,,,,,,,,,,119.938,62.380001,57.557999,,"AstraZeneca - Vaxzevria,Moderna - Spikevax,Pfizer BioNTech - Comirnaty",44249,3,,No
SYC,0.084128283,1.2733487,0,0,0.796,0,1.288,,0,0,833.078979489999,23404.883,319.27802,124.051,178.338,83.042,78.768997,,"Beijing CNBG - BBIBP-CorV,Gamaleya - Gam-Covid-Vac,Julphar - Hayat-Vax,SII - Covishield",44206,4,5 - Universal availability,No
SYR,,,0,0,0.566999999999999,0,n/a,,0,0,,270.453,5.1999998,15.479,7.6700001,4.704,4.1300001,,"Beijing CNBG - BBIBP-CorV,Gamaleya - Gam-Covid-Vac,Gamaleya - Sputnik-Light,Janssen - Ad26.COV 2-S,SII - Covishield,Sinovac - CoronaVac",44287,6,4 - Availability for all three plus partial additional availability (select broad groups/ages),No
TCA,,,,0,,,,,,,,7967.8701,103.311,59.403999,145.521,75.443001,70.079002,,Pfizer BioNTech - Comirnaty,44207,1,,No
TCD,1.3706219,34.283554,50,0,0.398,0,12.345,,0,0,29.23851013,31.091,0,1.0650001,1.52,1.091,0.42899999,,Beijing CNBG - BBIBP-CorV,44351,1,4 - Availability for all three plus partial additional availability (select broad groups/ages),Yes
TGO,1.2882034,23.959784,75,0,0.515,0,8.493,,0,0,41.83677292,316.595,0.51899999,2.9349999,18.212,12.065,6.1469998,,SII - Covishield,44265,1,5 - Universal availability,No
THA,0.10183153,2.8385398,75,0,0.777,1,546.223,,0,1888198189.77,275.91650391,2974.406,65.093002,29.354,117.061,64.763,52.298,3068505,"AstraZeneca - Vaxzevria,Beijing CNBG - BBIBP-CorV,Janssen - Ad26.COV 2-S,Moderna - Spikevax,Pfizer BioNTech - Comirnaty,SII - Covishield,Sinovac - CoronaVac",44255,7,4 - Availability for all three plus partial additional availability (select broad groups/ages),Yes
TJK,1.1630818,16.750465,0,0,0.668,0,8.10399999999999,,0,0,59.84311676,183.41,0.041999999,1.311,53,29.233,23.813,,"AstraZeneca - Vaxzevria,Gamaleya - Gam-Covid-Vac,Moderna - Spikevax,Pfizer BioNTech - Comirnaty,SII - Covishield,Sinovac - CoronaVac",44279,6,5 - Universal availability,No
TKL,,,,0,,,,,,,,0,0,0,143.407,71.704002,71.704002,,Pfizer BioNTech - Comirnaty,44397,1,,
TKM,0.088674948,1.7019607,25,,0.715,0,53.087,,0,0,460.17514038,0,0,0,125.7,72.535004,53.161999,,"AstraZeneca - Vaxzevria,Beijing CNBG - BBIBP-CorV,Gamaleya - Gam-Covid-Vac,SRCVB - EpiVacCorona",44251,4,5 - Universal availability,
TLS,0.37727013,5.2255116,50,0,0.606,0,1.697,,15500000,0,93.69417572,1503.286,0.60699999,9.2530003,77.155998,46.723999,30.431999,,"AstraZeneca - Vaxzevria,Pfizer BioNTech - Comirnaty,SII - Covishield,Sinovac - CoronaVac",44293,4,5 - Universal availability,Yes
TON,0.16723615,3.3055544,0,0,0.725,0,0.501,,0,0,236.93453979,0.94599998,0,0,110.462,68.778,41.683998,,"AstraZeneca - Vaxzevria,Pfizer BioNTech - Comirnaty",44300,2,3 - Availability for ALL of following: key workers/ clinically vulnerable groups (non elderly) / elderly groups,
TTO,0.063332625,0.94425637,25,0,0.796,0,21.599,,0,0,1123.42370605,4708.0791,258.80899,140.55099,90.555,48.256001,45.157001,,"AstraZeneca - Vaxzevria,Beijing CNBG - BBIBP-CorV,Janssen - Ad26.COV 2-S,Pfizer BioNTech - Comirnaty,SII - Covishield",44244,5,5 - Universal availability,No
TUN,0.14243786,1.9463581,50,14000000,0.74,0,42.733,,0,0,251.54672241,6060.7588,4.9239998,214.467,91.471001,57.828999,40.317001,324327,"AstraZeneca - Vaxzevria,Beijing CNBG - BBIBP-CorV,Gamaleya - Gam-Covid-Vac,Janssen - Ad26.COV 2-S,Moderna - Spikevax,Pfizer BioNTech - Comirnaty,Sinovac - CoronaVac",44268,7,4 - Availability for all three plus partial additional availability (select broad groups/ages),Yes
TUR,0.10124701,2.0088975,0,,0.82,0,795.952,,5000000,0,389.86557007,10192.679,194.918,89.205002,140.3,67.133003,59.679001,13364261,"Pfizer BioNTech - Comirnaty, Sinovac - CoronaVac",,2,5 - Universal availability,Yes
TUV,0.19240613,1.1309402,,0,,,0.065,,,,692.52111816,0,0,0,102.731,52.832001,49.897999,,AstraZeneca - Vaxzevria,44299,1,,
TZA,0.43249047,13.296104,37.5,0,0.529,0,69.238,,0,0,36.82281494,43.963001,0.089000002,1.222,2.2379999,0.59100002,1.647,,"Beijing CNBG - BBIBP-CorV,Janssen - Ad26.COV 2-S,Pfizer BioNTech - Comirnaty",44405,3,5 - Universal availability,No
UGA,1.1117766,23.237118,25,0,0.544,1,43.243,,0,5000000,43.13787842,278.23599,0.58200002,7.105,10.388,8.3920002,1.9960001,,"Janssen - Ad26.COV 2-S,Moderna - Spikevax,Pfizer BioNTech - Comirnaty,SII - Covishield,Sinovac - CoronaVac",44265,5,4 - Availability for all three plus partial additional availability (select broad groups/ages),Yes
UKR,0.14318897,2.1437008,37.5,34439688,0.779,1,181.038,,0,233711205,228.39007568,7667.1572,247.834,188.22501,47.900002,28.049,19.806999,,"AstraZeneca - Vaxzevria,Janssen - Ad26.COV 2-S,Moderna - Spikevax,Pfizer BioNTech - Comirnaty,SII - Covishield,Sinovac - CoronaVac",44251,6,5 - Universal availability,Yes
UMI,,,,,,,,,,,,,,,,,,,,,,,
URY,0.063817143,0.6671496,37.5,0,0.816999999999999,1,60.108,,0,2500000,1590.04821777,11452.848,37.308998,176.036,193.224,79.866997,75.920998,1308170,"AstraZeneca - Vaxzevria,Pfizer BioNTech - Comirnaty,Sinovac - CoronaVac",44254,3,5 - Universal availability,No
USA,0.016017426,0.099850811,0,8099999744,0.926,1,22939.58,,2170950000,16179000000,10623.84960938,14330.638,197.66499,231.804,144.99001,80.764999,59.394001,36573400,"Janssen - Ad26.COV 2-S,Moderna - Spikevax,Pfizer BioNTech - Comirnaty",44179,3,5 - Universal availability,Yes
UZB,0.2588585,5.9511895,75,0,0.72,1,65.503,,0,410000,82.26926422,572.91498,4.9180002,4.1290002,75.300003,50.277,25.059999,,"Anhui ZL - Recombinant,Gamaleya - Gam-Covid-Vac,Moderna - Spikevax,Pfizer BioNTech - Comirnaty,SII - Covishield,Sinovac - CoronaVac",44314,6,5 - Universal availability,No
VAT,,,,,,,,,,,,3213.844,0,0,,,,,,,,,
VCT,0.1060973,2.3786914,,0,0.738,,0.769,,,,329.25665283,4880.1152,79.321999,65.801003,45.744999,26.358999,19.385,,"AstraZeneca - Vaxzevria,Gamaleya - Gam-Covid-Vac,Pfizer BioNTech - Comirnaty,SII - Covishield",44228,4,,No
VEN,0.50906378,3.0481007,75,200000000,0.711,1,44.893,,0,200000000,256.94689941,1495.337,19.229,17.861,81.434998,48.734001,32.605999,,"Beijing CNBG - BBIBP-CorV,CIGB - CIGB-66,Gamaleya - Gam-Covid-Vac,Sinovac - CoronaVac",44249,4,1 - Availability for ONE of following: key workers/ clinically vulnerable groups (non elderly) / elderly groups,Partial
VGB,,,,0,,,,,,,,9144.4258,66.143997,125.674,114.456,59.983002,54.473,,"AstraZeneca - Vaxzevria,Janssen - Ad26.COV 2-S",44238,2,,
VIR,,,50,0,,0,,,0,0,,7149.6289,91.931999,81.398003,,,,,,,,5 - Universal availability,
VNM,0.12897901,3.2277181,0,0,0.704,1,368.002,,400050,53966,151.68611145,1135.043,71.602997,24.606001,99.197998,65.422997,33.773998,,"AstraZeneca - Vaxzevria,Beijing CNBG - BBIBP-CorV,CIGB - CIGB-66,Gamaleya - Gam-Covid-Vac,Moderna - Spikevax,Pfizer BioNTech - Comirnaty",44263,6,5 - Universal availability,Yes
VUT,0.16489105,4.6455321,0,0,0.609,0,0.999,,0,0,105.3915863,1.628,0,0,42.185001,29.129999,13.059,,"AstraZeneca - Vaxzevria,Beijing CNBG - BBIBP-CorV",44349,2,5 - Universal availability,
WLF,,,,,,,,,,,,,,,105.62,53.317001,52.303001,,Moderna - Spikevax,44274,1,,
WSM,0.18722254,3.4452431,,0,0.715,,0.78,,,,227.32792664,0.50400001,0,0,112.645,69.178001,43.467999,,AstraZeneca - Vaxzevria,44304,1,,
YEM,1.5689311,,0,40032804,0.47,0,19.471,,0,0,,33.396999,0.083999999,6.5009999,2.546,1.802,1.186,,"Janssen - Ad26.COV 2-S,SII - Covishield,Sinovac - CoronaVac",44306,3,3 - Availability for ALL of following: key workers/ clinically vulnerable groups (non elderly) / elderly groups,Yes
ZAF,0.14644352,1.4890953,50,0,0.709,0,415.315,,0,0,525.956909179999,4940.5469,6.9109998,151.047,41.556,28.077999,23.396999,,"Janssen - Ad26.COV 2-S,Pfizer BioNTech - Comirnaty",44244,2,5 - Universal availability,Yes
ZMB,0.46006873,6.442801,37.5,0,0.584,0,21.699,,24000000,0,75.99179077,1142.698,0.419,19.947001,5.3600001,4.388,3.4100001,,"Beijing CNBG - BBIBP-CorV,Janssen - Ad26.COV 2-S,SII - Covishield",44300,3,4 - Availability for all three plus partial additional availability (select broad groups/ages),No
ZWE,0.90995234,3.4891598,0,0,0.571,1,25.791,,3800000,100000001.1,140.3203125,899.37903,1.3660001,31.615999,41.478001,23.336,18.143,,"Beijing CNBG - BBIBP-CorV,Bharat - Covaxin,Gamaleya - Gam-Covid-Vac,Sinovac - CoronaVac",44245,4,5 - Universal availability,Yes
KOS,,,,,,,,,,,,,,,,,,,,,,,
TWN,,,,,,,,,,,,,,,,,,,,,,,